DB_DATETIME	GC_ACOUSTIC_SED_ID	SITE_NUMBER	TEMP_2MHZ	TEMP_1MHZ	TEMP_600KHZ	ALPHA_SUBSCRIPT_S_2MHZ	ALPHA_SUBSCRIPT_S_1MHZ	ALPHA_SUBSCRIPT_S_600KHZ	SILT_CLAY_CONC_VALUE	SILT_CLAY_CONC_ERROR	SILT_CLAY_CONC_INSTRUMENT	SAND_CONC_VALUE	SAND_CONC_ERROR	SAND_CONC_INSTRUMENT	SAND_D50_VALUE	SAND_D50_ERROR	SAND_D50_INSTRUMENT
2002-08-23T00:00:00	3955434	Colorado River near Grand Canyon AZ (09402500)	-999.0	13.4	-999.0	-999.00000	0.07070	-999.00000	0.613E+02	-0.999E+03	2	0.254E+02	-0.999E+03	2		-999.0000	-999
2002-08-23T00:15:00	3955436	Colorado River near Grand Canyon AZ (09402500)	-999.0	13.4	-999.0	-999.00000	0.09022	-999.00000	0.954E+02	-0.999E+03	2	0.252E+02	-0.999E+03	2		-999.0000	-999
2002-08-23T00:30:00	3955439	Colorado River near Grand Canyon AZ (09402500)	-999.0	13.4	-999.0	-999.00000	0.10967	-999.00000	0.129E+03	-0.999E+03	2	0.270E+02	-0.999E+03	2		-999.0000	-999
2002-08-23T00:45:00	3955444	Colorado River near Grand Canyon AZ (09402500)	-999.0	13.4	-999.0	-999.00000	0.10967	-999.00000	0.129E+03	-0.999E+03	2	0.270E+02	-0.999E+03	2		-999.0000	-999
2002-08-23T01:00:00	3955446	Colorado River near Grand Canyon AZ (09402500)	-999.0	13.4	-999.0	-999.00000	0.12909	-999.00000	0.163E+03	-0.999E+03	2	0.268E+02	-0.999E+03	2		-999.0000	-999
2002-08-23T01:15:00	3955449	Colorado River near Grand Canyon AZ (09402500)	-999.0	13.4	-999.0	-999.00000	0.10970	-999.00000	0.129E+03	-0.999E+03	2	0.232E+02	-0.999E+03	2		-999.0000	-999
2002-08-23T01:30:00	3955451	Colorado River near Grand Canyon AZ (09402500)	-999.0	13.4	-999.0	-999.00000	0.12916	-999.00000	0.163E+03	-0.999E+03	2	0.242E+02	-0.999E+03	2		-999.0000	-999
2002-08-23T01:45:00	3955455	Colorado River near Grand Canyon AZ (09402500)	-999.0	13.4	-999.0	-999.00000	0.14864	-999.00000	0.196E+03	-0.999E+03	2	0.259E+02	-0.999E+03	2		-999.0000	-999
2002-08-23T02:00:00	3955459	Colorado River near Grand Canyon AZ (09402500)	-999.0	13.4	-999.0	-999.00000	0.14864	-999.00000	0.196E+03	-0.999E+03	2	0.240E+02	-0.999E+03	2		-999.0000	-999
2002-08-23T02:15:00	3955461	Colorado River near Grand Canyon AZ (09402500)	-999.0	13.4	-999.0	-999.00000	0.14864	-999.00000	0.196E+03	-0.999E+03	2	0.240E+02	-0.999E+03	2		-999.0000	-999
2002-08-23T02:30:00	3955464	Colorado River near Grand Canyon AZ (09402500)	-999.0	13.4	-999.0	-999.00000	0.14864	-999.00000	0.196E+03	-0.999E+03	2	0.234E+02	-0.999E+03	2		-999.0000	-999
2002-08-23T02:45:00	3955468	Colorado River near Grand Canyon AZ (09402500)	-999.0	13.4	-999.0	-999.00000	0.16810	-999.00000	0.229E+03	-0.999E+03	2	0.251E+02	-0.999E+03	2		-999.0000	-999
2002-08-23T03:00:00	3955471	Colorado River near Grand Canyon AZ (09402500)	-999.0	13.4	-999.0	-999.00000	0.18761	-999.00000	0.262E+03	-0.999E+03	2	0.282E+02	-0.999E+03	2		-999.0000	-999
2002-08-23T03:15:00	3955472	Colorado River near Grand Canyon AZ (09402500)	-999.0	13.4	-999.0	-999.00000	0.12925	-999.00000	0.163E+03	-0.999E+03	2	0.193E+02	-0.999E+03	2		-999.0000	-999
2002-08-23T03:30:00	3955476	Colorado River near Grand Canyon AZ (09402500)	-999.0	13.4	-999.0	-999.00000	0.18768	-999.00000	0.262E+03	-0.999E+03	2	0.275E+02	-0.999E+03	2		-999.0000	-999
2002-08-23T03:45:00	3955479	Colorado River near Grand Canyon AZ (09402500)	-999.0	13.4	-999.0	-999.00000	0.20701	-999.00000	0.295E+03	-0.999E+03	2	0.309E+02	-0.999E+03	2		-999.0000	-999
2002-08-23T04:00:00	3955482	Colorado River near Grand Canyon AZ (09402500)	-999.0	13.4	-999.0	-999.00000	0.18767	-999.00000	0.262E+03	-0.999E+03	2	0.255E+02	-0.999E+03	2		-999.0000	-999
2002-08-23T04:15:00	3955484	Colorado River near Grand Canyon AZ (09402500)	-999.0	13.4	-999.0	-999.00000	0.18761	-999.00000	0.262E+03	-0.999E+03	2	0.255E+02	-0.999E+03	2		-999.0000	-999
2002-08-23T04:30:00	3955487	Colorado River near Grand Canyon AZ (09402500)	-999.0	13.4	-999.0	-999.00000	0.18761	-999.00000	0.262E+03	-0.999E+03	2	0.268E+02	-0.999E+03	2		-999.0000	-999
2002-08-23T04:45:00	3955490	Colorado River near Grand Canyon AZ (09402500)	-999.0	13.5	-999.0	-999.00000	0.22774	-999.00000	0.330E+03	-0.999E+03	2	0.316E+02	-0.999E+03	2		-999.0000	-999
2002-08-23T05:00:00	3955493	Colorado River near Grand Canyon AZ (09402500)	-999.0	13.5	-999.0	-999.00000	0.22780	-999.00000	0.330E+03	-0.999E+03	2	0.300E+02	-0.999E+03	2		-999.0000	-999
2002-08-23T05:15:00	3955496	Colorado River near Grand Canyon AZ (09402500)	-999.0	13.5	-999.0	-999.00000	0.24731	-999.00000	0.362E+03	-0.999E+03	2	0.330E+02	-0.999E+03	2		-999.0000	-999
2002-08-23T05:30:00	3955499	Colorado River near Grand Canyon AZ (09402500)	-999.0	13.5	-999.0	-999.00000	0.26665	-999.00000	0.394E+03	-0.999E+03	2	0.381E+02	-0.999E+03	2		-999.0000	-999
2002-08-23T05:45:00	3955503	Colorado River near Grand Canyon AZ (09402500)	-999.0	13.5	-999.0	-999.00000	0.32507	-999.00000	0.489E+03	-0.999E+03	2	0.517E+02	-0.999E+03	2		-999.0000	-999
2002-08-23T06:00:00	3955505	Colorado River near Grand Canyon AZ (09402500)	-999.0	13.5	-999.0	-999.00000	0.28619	-999.00000	0.426E+03	-0.999E+03	2	0.429E+02	-0.999E+03	2		-999.0000	-999
2002-08-23T06:15:00	3955510	Colorado River near Grand Canyon AZ (09402500)	-999.0	13.5	-999.0	-999.00000	0.30571	-999.00000	0.458E+03	-0.999E+03	2	0.495E+02	-0.999E+03	2		-999.0000	-999
2002-08-23T06:30:00	3955512	Colorado River near Grand Canyon AZ (09402500)	-999.0	13.5	-999.0	-999.00000	0.32516	-999.00000	0.489E+03	-0.999E+03	2	0.571E+02	-0.999E+03	2		-999.0000	-999
2002-08-23T06:45:00	3955515	Colorado River near Grand Canyon AZ (09402500)	-999.0	13.5	-999.0	-999.00000	0.32516	-999.00000	0.489E+03	-0.999E+03	2	0.602E+02	-0.999E+03	2		-999.0000	-999
2002-08-23T07:00:00	3955518	Colorado River near Grand Canyon AZ (09402500)	-999.0	13.5	-999.0	-999.00000	0.34459	-999.00000	0.521E+03	-0.999E+03	2	0.725E+02	-0.999E+03	2		-999.0000	-999
2002-08-23T07:15:00	3955520	Colorado River near Grand Canyon AZ (09402500)	-999.0	13.4	-999.0	-999.00000	0.32404	-999.00000	0.488E+03	-0.999E+03	2	0.616E+02	-0.999E+03	2		-999.0000	-999
2002-08-23T07:30:00	3955524	Colorado River near Grand Canyon AZ (09402500)	-999.0	13.4	-999.0	-999.00000	0.30453	-999.00000	0.456E+03	-0.999E+03	2	0.621E+02	-0.999E+03	2		-999.0000	-999
2002-08-23T07:45:00	3955527	Colorado River near Grand Canyon AZ (09402500)	-999.0	13.4	-999.0	-999.00000	0.34340	-999.00000	0.519E+03	-0.999E+03	2	0.101E+03	-0.999E+03	2		-999.0000	-999
2002-08-23T08:00:00	3955530	Colorado River near Grand Canyon AZ (09402500)	-999.0	13.4	-999.0	-999.00000	0.28510	-999.00000	0.424E+03	-0.999E+03	2	0.627E+02	-0.999E+03	2		-999.0000	-999
2002-08-23T08:15:00	3955534	Colorado River near Grand Canyon AZ (09402500)	-999.0	13.3	-999.0	-999.00000	0.30328	-999.00000	0.454E+03	-0.999E+03	2	0.798E+02	-0.999E+03	2		-999.0000	-999
2002-08-23T08:30:00	3955536	Colorado River near Grand Canyon AZ (09402500)	-999.0	13.3	-999.0	-999.00000	0.30337	-999.00000	0.454E+03	-0.999E+03	2	0.937E+02	-0.999E+03	2		-999.0000	-999
2002-08-23T08:45:00	3955539	Colorado River near Grand Canyon AZ (09402500)	-999.0	13.3	-999.0	-999.00000	0.28391	-999.00000	0.422E+03	-0.999E+03	2	0.958E+02	-0.999E+03	2		-999.0000	-999
2002-08-23T09:00:00	3955542	Colorado River near Grand Canyon AZ (09402500)	-999.0	13.2	-999.0	-999.00000	0.28272	-999.00000	0.420E+03	-0.999E+03	2	0.100E+03	-0.999E+03	2		-999.0000	-999
2002-08-23T09:15:00	3955546	Colorado River near Grand Canyon AZ (09402500)	-999.0	13.2	-999.0	-999.00000	0.26323	-999.00000	0.388E+03	-0.999E+03	2	0.748E+02	-0.999E+03	2		-999.0000	-999
2002-08-23T09:30:00	3955547	Colorado River near Grand Canyon AZ (09402500)	-999.0	13.2	-999.0	-999.00000	0.26323	-999.00000	0.388E+03	-0.999E+03	2	0.868E+02	-0.999E+03	2		-999.0000	-999
2002-08-23T09:45:00	3955552	Colorado River near Grand Canyon AZ (09402500)	-999.0	13.1	-999.0	-999.00000	0.26206	-999.00000	0.386E+03	-0.999E+03	2	0.102E+03	-0.999E+03	2		-999.0000	-999
2002-08-23T10:00:00	3955555	Colorado River near Grand Canyon AZ (09402500)	-999.0	13.1	-999.0	-999.00000	0.26206	-999.00000	0.386E+03	-0.999E+03	2	0.102E+03	-0.999E+03	2		-999.0000	-999
2002-08-23T10:15:00	3955557	Colorado River near Grand Canyon AZ (09402500)	-999.0	13.1	-999.0	-999.00000	0.26206	-999.00000	0.386E+03	-0.999E+03	2	0.121E+03	-0.999E+03	2		-999.0000	-999
2002-08-23T10:30:00	3955561	Colorado River near Grand Canyon AZ (09402500)	-999.0	13.1	-999.0	-999.00000	0.22309	-999.00000	0.322E+03	-0.999E+03	2	0.806E+02	-0.999E+03	2		-999.0000	-999
2002-08-23T10:45:00	3955564	Colorado River near Grand Canyon AZ (09402500)	-999.0	13.1	-999.0	-999.00000	0.22309	-999.00000	0.322E+03	-0.999E+03	2	0.842E+02	-0.999E+03	2		-999.0000	-999
2002-08-23T11:00:00	3955567	Colorado River near Grand Canyon AZ (09402500)	-999.0	13.1	-999.0	-999.00000	0.22309	-999.00000	0.322E+03	-0.999E+03	2	0.948E+02	-0.999E+03	2		-999.0000	-999
2002-08-23T11:15:00	3955568	Colorado River near Grand Canyon AZ (09402500)	-999.0	13.1	-999.0	-999.00000	0.22309	-999.00000	0.322E+03	-0.999E+03	2	0.948E+02	-0.999E+03	2		-999.0000	-999
2002-08-23T11:30:00	3955571	Colorado River near Grand Canyon AZ (09402500)	-999.0	13.1	-999.0	-999.00000	0.22309	-999.00000	0.322E+03	-0.999E+03	2	0.112E+03	-0.999E+03	2		-999.0000	-999
2002-08-23T11:45:00	3955574	Colorado River near Grand Canyon AZ (09402500)	-999.0	13.1	-999.0	-999.00000	0.20364	-999.00000	0.289E+03	-0.999E+03	2	0.101E+03	-0.999E+03	2		-999.0000	-999
2002-08-23T12:00:00	3955579	Colorado River near Grand Canyon AZ (09402500)	-999.0	13.1	-999.0	-999.00000	0.22309	-999.00000	0.322E+03	-0.999E+03	2	0.117E+03	-0.999E+03	2		-999.0000	-999
2002-08-23T12:15:00	3955581	Colorado River near Grand Canyon AZ (09402500)	-999.0	13.1	-999.0	-999.00000	0.20361	-999.00000	0.289E+03	-0.999E+03	2	0.107E+03	-0.999E+03	2		-999.0000	-999
2002-08-23T12:30:00	3955583	Colorado River near Grand Canyon AZ (09402500)	-999.0	13.1	-999.0	-999.00000	0.20361	-999.00000	0.289E+03	-0.999E+03	2	0.120E+03	-0.999E+03	2		-999.0000	-999
2002-08-23T12:45:00	3955586	Colorado River near Grand Canyon AZ (09402500)	-999.0	13.2	-999.0	-999.00000	0.20478	-999.00000	0.291E+03	-0.999E+03	2	0.120E+03	-0.999E+03	2		-999.0000	-999
2002-08-23T13:00:00	3955591	Colorado River near Grand Canyon AZ (09402500)	-999.0	13.2	-999.0	-999.00000	0.20478	-999.00000	0.291E+03	-0.999E+03	2	0.120E+03	-0.999E+03	2		-999.0000	-999
2002-08-23T13:15:00	3955592	Colorado River near Grand Canyon AZ (09402500)	-999.0	13.2	-999.0	-999.00000	0.20478	-999.00000	0.291E+03	-0.999E+03	2	0.120E+03	-0.999E+03	2		-999.0000	-999
2002-08-23T13:30:00	3955597	Colorado River near Grand Canyon AZ (09402500)	-999.0	13.2	-999.0	-999.00000	0.18529	-999.00000	0.258E+03	-0.999E+03	2	0.920E+02	-0.999E+03	2		-999.0000	-999
2002-08-23T13:45:00	3955600	Colorado River near Grand Canyon AZ (09402500)	-999.0	13.2	-999.0	-999.00000	0.16581	-999.00000	0.225E+03	-0.999E+03	2	0.706E+02	-0.999E+03	2		-999.0000	-999
2002-08-23T14:00:00	3955603	Colorado River near Grand Canyon AZ (09402500)	-999.0	13.2	-999.0	-999.00000	0.16574	-999.00000	0.225E+03	-0.999E+03	2	0.689E+02	-0.999E+03	2		-999.0000	-999
2002-08-23T14:15:00	3955605	Colorado River near Grand Canyon AZ (09402500)	-999.0	13.2	-999.0	-999.00000	0.14641	-999.00000	0.192E+03	-0.999E+03	2	0.643E+02	-0.999E+03	2		-999.0000	-999
2002-08-23T14:30:00	3955609	Colorado River near Grand Canyon AZ (09402500)	-999.0	13.2	-999.0	-999.00000	0.14632	-999.00000	0.192E+03	-0.999E+03	2	0.596E+02	-0.999E+03	2		-999.0000	-999
2002-08-23T14:45:00	3955612	Colorado River near Grand Canyon AZ (09402500)	-999.0	13.2	-999.0	-999.00000	0.16578	-999.00000	0.225E+03	-0.999E+03	2	0.689E+02	-0.999E+03	2		-999.0000	-999
2002-08-23T15:00:00	3955614	Colorado River near Grand Canyon AZ (09402500)	-999.0	13.2	-999.0	-999.00000	0.14632	-999.00000	0.192E+03	-0.999E+03	2	0.628E+02	-0.999E+03	2		-999.0000	-999
2002-08-23T15:15:00	3955617	Colorado River near Grand Canyon AZ (09402500)	-999.0	13.2	-999.0	-999.00000	0.16577	-999.00000	0.225E+03	-0.999E+03	2	0.792E+02	-0.999E+03	2		-999.0000	-999
2002-08-23T15:30:00	3955620	Colorado River near Grand Canyon AZ (09402500)	-999.0	13.2	-999.0	-999.00000	0.14626	-999.00000	0.192E+03	-0.999E+03	2	0.627E+02	-0.999E+03	2		-999.0000	-999
2002-08-23T15:45:00	3955624	Colorado River near Grand Canyon AZ (09402500)	-999.0	13.2	-999.0	-999.00000	0.12684	-999.00000	0.159E+03	-0.999E+03	2	0.557E+02	-0.999E+03	2		-999.0000	-999
2002-08-23T16:00:00	3955626	Colorado River near Grand Canyon AZ (09402500)	-999.0	13.2	-999.0	-999.00000	0.12684	-999.00000	0.159E+03	-0.999E+03	2	0.557E+02	-0.999E+03	2		-999.0000	-999
2002-08-23T16:15:00	3955630	Colorado River near Grand Canyon AZ (09402500)	-999.0	13.2	-999.0	-999.00000	0.12684	-999.00000	0.159E+03	-0.999E+03	2	0.557E+02	-0.999E+03	2		-999.0000	-999
2002-08-23T16:30:00	3955631	Colorado River near Grand Canyon AZ (09402500)	-999.0	13.2	-999.0	-999.00000	0.12683	-999.00000	0.159E+03	-0.999E+03	2	0.544E+02	-0.999E+03	2		-999.0000	-999
2002-08-23T16:45:00	3955635	Colorado River near Grand Canyon AZ (09402500)	-999.0	13.2	-999.0	-999.00000	0.08786	-999.00000	0.913E+02	-0.999E+03	2	0.428E+02	-0.999E+03	2		-999.0000	-999
2002-08-23T17:00:00	3955638	Colorado River near Grand Canyon AZ (09402500)	-999.0	13.2	-999.0	-999.00000	0.08780	-999.00000	0.912E+02	-0.999E+03	2	0.418E+02	-0.999E+03	2		-999.0000	-999
2002-08-23T17:15:00	3955642	Colorado River near Grand Canyon AZ (09402500)	-999.0	13.2	-999.0	-999.00000	0.06847	-999.00000	0.574E+02	-0.999E+03	2	0.372E+02	-0.999E+03	2		-999.0000	-999
2002-08-23T17:30:00	3955644	Colorado River near Grand Canyon AZ (09402500)	-999.0	13.2	-999.0	-999.00000	0.10723	-999.00000	0.125E+03	-0.999E+03	2	0.494E+02	-0.999E+03	2		-999.0000	-999
2002-08-23T17:45:00	3955647	Colorado River near Grand Canyon AZ (09402500)	-999.0	13.2	-999.0	-999.00000	0.08789	-999.00000	0.913E+02	-0.999E+03	2	0.397E+02	-0.999E+03	2		-999.0000	-999
2002-08-23T18:00:00	3955650	Colorado River near Grand Canyon AZ (09402500)	-999.0	13.2	-999.0	-999.00000	0.06838	-999.00000	0.573E+02	-0.999E+03	2	0.371E+02	-0.999E+03	2		-999.0000	-999
2002-08-23T18:15:00	3955652	Colorado River near Grand Canyon AZ (09402500)	-999.0	13.2	-999.0	-999.00000	0.08783	-999.00000	0.912E+02	-0.999E+03	2	0.397E+02	-0.999E+03	2		-999.0000	-999
2002-08-23T18:30:00	3955657	Colorado River near Grand Canyon AZ (09402500)	-999.0	13.2	-999.0	-999.00000	0.06845	-999.00000	0.574E+02	-0.999E+03	2	0.344E+02	-0.999E+03	2		-999.0000	-999
2002-08-23T18:45:00	3955658	Colorado River near Grand Canyon AZ (09402500)	-999.0	13.3	-999.0	-999.00000	0.08903	-999.00000	0.933E+02	-0.999E+03	2	0.397E+02	-0.999E+03	2		-999.0000	-999
2002-08-23T19:00:00	3955663	Colorado River near Grand Canyon AZ (09402500)	-999.0	13.3	-999.0	-999.00000	0.08903	-999.00000	0.933E+02	-0.999E+03	2	0.368E+02	-0.999E+03	2		-999.0000	-999
2002-08-23T19:15:00	3955665	Colorado River near Grand Canyon AZ (09402500)	-999.0	13.3	-999.0	-999.00000	0.05012	-999.00000	0.252E+02	-0.999E+03	2	0.283E+02	-0.999E+03	2		-999.0000	-999
2002-08-23T19:30:00	3955667	Colorado River near Grand Canyon AZ (09402500)	-999.0	13.3	-999.0	-999.00000	0.01109	-999.00000		-0.999E+03	-999	0.235E+02	-0.999E+03	2		-999.0000	-999
2002-08-23T19:45:00	3955672	Colorado River near Grand Canyon AZ (09402500)	-999.0	13.3	-999.0	-999.00000	0.05005	-999.00000	0.251E+02	-0.999E+03	2	0.290E+02	-0.999E+03	2		-999.0000	-999
2002-08-23T20:00:00	3955673	Colorado River near Grand Canyon AZ (09402500)	-999.0	13.2	-999.0	-999.00000	0.04883	-999.00000	0.230E+02	-0.999E+03	2	0.283E+02	-0.999E+03	2		-999.0000	-999
2002-08-23T20:15:00	3955677	Colorado River near Grand Canyon AZ (09402500)	-999.0	13.2	-999.0	-999.00000	0.02950	-999.00000		-0.999E+03	-999	0.251E+02	-0.999E+03	2		-999.0000	-999
2002-08-23T20:30:00	3955680	Colorado River near Grand Canyon AZ (09402500)	-999.0	13.2	-999.0	-999.00000	0.02941	-999.00000		-0.999E+03	-999	0.233E+02	-0.999E+03	2		-999.0000	-999
2002-08-23T20:45:00	3955684	Colorado River near Grand Canyon AZ (09402500)	-999.0	13.2	-999.0	-999.00000	0.04886	-999.00000	0.230E+02	-0.999E+03	2	0.269E+02	-0.999E+03	2		-999.0000	-999
2002-08-23T21:00:00	3955686	Colorado River near Grand Canyon AZ (09402500)	-999.0	13.2	-999.0	-999.00000	-0.00956	-999.00000		-0.999E+03	-999	0.198E+02	-0.999E+03	2		-999.0000	-999
2002-08-23T21:15:00	3955689	Colorado River near Grand Canyon AZ (09402500)	-999.0	13.2	-999.0	-999.00000	-0.00953	-999.00000		-0.999E+03	-999	0.184E+02	-0.999E+03	2		-999.0000	-999
2002-08-23T21:30:00	3955692	Colorado River near Grand Canyon AZ (09402500)	-999.0	13.2	-999.0	-999.00000	0.00999	-999.00000		-0.999E+03	-999	0.197E+02	-0.999E+03	2		-999.0000	-999
2002-08-23T21:45:00	3955694	Colorado River near Grand Canyon AZ (09402500)	-999.0	13.2	-999.0	-999.00000	0.02913	-999.00000		-0.999E+03	-999	0.221E+02	-0.999E+03	2		-999.0000	-999
2002-08-23T22:00:00	3955698	Colorado River near Grand Canyon AZ (09402500)	-999.0	13.2	-999.0	-999.00000	-0.02887	-999.00000		-0.999E+03	-999	0.155E+02	-0.999E+03	2		-999.0000	-999
2002-08-23T22:15:00	3955701	Colorado River near Grand Canyon AZ (09402500)	-999.0	13.2	-999.0	-999.00000	0.02931	-999.00000		-0.999E+03	-999	0.210E+02	-0.999E+03	2		-999.0000	-999
2002-08-23T22:30:00	3955705	Colorado River near Grand Canyon AZ (09402500)	-999.0	13.2	-999.0	-999.00000	0.04889	-999.00000	0.231E+02	-0.999E+03	2	0.220E+02	-0.999E+03	2		-999.0000	-999
2002-08-23T22:45:00	3955708	Colorado River near Grand Canyon AZ (09402500)	-999.0	13.2	-999.0	-999.00000	0.02947	-999.00000		-0.999E+03	-999	0.211E+02	-0.999E+03	2		-999.0000	-999
2002-08-23T23:00:00	3955709	Colorado River near Grand Canyon AZ (09402500)	-999.0	13.1	-999.0	-999.00000	0.06702	-999.00000	0.549E+02	-0.999E+03	2	0.247E+02	-0.999E+03	2		-999.0000	-999
2002-08-23T23:15:00	3955712	Colorado River near Grand Canyon AZ (09402500)	-999.0	13.1	-999.0	-999.00000	0.00903	-999.00000		-0.999E+03	-999	0.169E+02	-0.999E+03	2		-999.0000	-999
2002-08-23T23:30:00	3955716	Colorado River near Grand Canyon AZ (09402500)	-999.0	13.1	-999.0	-999.00000	0.00875	-999.00000		-0.999E+03	-999	0.173E+02	-0.999E+03	2		-999.0000	-999
2002-08-23T23:45:00	3955720	Colorado River near Grand Canyon AZ (09402500)	-999.0	13.1	-999.0	-999.00000	0.02821	-999.00000		-0.999E+03	-999	0.181E+02	-0.999E+03	2		-999.0000	-999
2002-08-24T00:00:00	3955722	Colorado River near Grand Canyon AZ (09402500)	-999.0	13.1	-999.0	-999.00000	0.00875	-999.00000		-0.999E+03	-999	0.161E+02	-0.999E+03	2		-999.0000	-999
2002-08-24T00:15:00	3955725	Colorado River near Grand Canyon AZ (09402500)	-999.0	13.1	-999.0	-999.00000	0.02830	-999.00000		-0.999E+03	-999	0.181E+02	-0.999E+03	2		-999.0000	-999
2002-08-24T00:30:00	3955729	Colorado River near Grand Canyon AZ (09402500)	-999.0	13.1	-999.0	-999.00000	0.06721	-999.00000	0.552E+02	-0.999E+03	2	0.229E+02	-0.999E+03	2		-999.0000	-999
2002-08-24T00:45:00	3955732	Colorado River near Grand Canyon AZ (09402500)	-999.0	13.0	-999.0	-999.00000	0.06566	-999.00000	0.525E+02	-0.999E+03	2	0.229E+02	-0.999E+03	2		-999.0000	-999
2002-08-24T01:00:00	3955733	Colorado River near Grand Canyon AZ (09402500)	-999.0	13.0	-999.0	-999.00000	-0.01166	-999.00000		-0.999E+03	-999	0.143E+02	-0.999E+03	2		-999.0000	-999
2002-08-24T01:15:00	3955737	Colorado River near Grand Canyon AZ (09402500)	-999.0	13.0	-999.0	-999.00000	0.02700	-999.00000		-0.999E+03	-999	0.181E+02	-0.999E+03	2		-999.0000	-999
2002-08-24T01:30:00	3955739	Colorado River near Grand Canyon AZ (09402500)	-999.0	13.0	-999.0	-999.00000	0.04655	-999.00000	0.189E+02	-0.999E+03	2	0.204E+02	-0.999E+03	2		-999.0000	-999
2002-08-24T01:45:00	3955742	Colorado River near Grand Canyon AZ (09402500)	-999.0	13.0	-999.0	-999.00000	0.02706	-999.00000		-0.999E+03	-999	0.186E+02	-0.999E+03	2		-999.0000	-999
2002-08-24T02:00:00	3955745	Colorado River near Grand Canyon AZ (09402500)	-999.0	13.0	-999.0	-999.00000	0.02700	-999.00000		-0.999E+03	-999	0.195E+02	-0.999E+03	2		-999.0000	-999
2002-08-24T02:15:00	3955750	Colorado River near Grand Canyon AZ (09402500)	-999.0	13.0	-999.0	-999.00000	0.00767	-999.00000		-0.999E+03	-999	0.161E+02	-0.999E+03	2		-999.0000	-999
2002-08-24T02:30:00	3955752	Colorado River near Grand Canyon AZ (09402500)	-999.0	13.0	-999.0	-999.00000	-0.01185	-999.00000		-0.999E+03	-999	0.162E+02	-0.999E+03	2		-999.0000	-999
2002-08-24T02:45:00	3955754	Colorado River near Grand Canyon AZ (09402500)	-999.0	13.0	-999.0	-999.00000	-0.01191	-999.00000		-0.999E+03	-999	0.162E+02	-0.999E+03	2		-999.0000	-999
2002-08-24T03:00:00	3955757	Colorado River near Grand Canyon AZ (09402500)	-999.0	13.0	-999.0	-999.00000	-0.01191	-999.00000		-0.999E+03	-999	0.170E+02	-0.999E+03	2		-999.0000	-999
2002-08-24T03:15:00	3955761	Colorado River near Grand Canyon AZ (09402500)	-999.0	13.0	-999.0	-999.00000	-0.01184	-999.00000		-0.999E+03	-999	0.175E+02	-0.999E+03	2		-999.0000	-999
2002-08-24T03:30:00	3955763	Colorado River near Grand Canyon AZ (09402500)	-999.0	13.0	-999.0	-999.00000	0.02694	-999.00000		-0.999E+03	-999	0.221E+02	-0.999E+03	2		-999.0000	-999
2002-08-24T03:45:00	3955768	Colorado River near Grand Canyon AZ (09402500)	-999.0	13.0	-999.0	-999.00000	-0.01172	-999.00000		-0.999E+03	-999	0.198E+02	-0.999E+03	2		-999.0000	-999
2002-08-24T04:00:00	3955771	Colorado River near Grand Canyon AZ (09402500)	-999.0	13.0	-999.0	-999.00000	0.02694	-999.00000		-0.999E+03	-999	0.245E+02	-0.999E+03	2		-999.0000	-999
2002-08-24T04:15:00	3955772	Colorado River near Grand Canyon AZ (09402500)	-999.0	13.0	-999.0	-999.00000	0.04652	-999.00000	0.189E+02	-0.999E+03	2	0.329E+02	-0.999E+03	2		-999.0000	-999
2002-08-24T04:30:00	3955776	Colorado River near Grand Canyon AZ (09402500)	-999.0	13.0	-999.0	-999.00000	0.02707	-999.00000		-0.999E+03	-999	0.271E+02	-0.999E+03	2		-999.0000	-999
2002-08-24T04:45:00	3955779	Colorado River near Grand Canyon AZ (09402500)	-999.0	13.0	-999.0	-999.00000	0.06600	-999.00000	0.531E+02	-0.999E+03	2	0.363E+02	-0.999E+03	2		-999.0000	-999
2002-08-24T05:00:00	3955781	Colorado River near Grand Canyon AZ (09402500)	-999.0	13.0	-999.0	-999.00000	0.04667	-999.00000	0.192E+02	-0.999E+03	2	0.322E+02	-0.999E+03	2		-999.0000	-999
2002-08-24T05:15:00	3955785	Colorado River near Grand Canyon AZ (09402500)	-999.0	13.0	-999.0	-999.00000	0.08534	-999.00000	0.869E+02	-0.999E+03	2	0.418E+02	-0.999E+03	2		-999.0000	-999
2002-08-24T05:30:00	3955787	Colorado River near Grand Canyon AZ (09402500)	-999.0	13.0	-999.0	-999.00000	0.04667	-999.00000	0.192E+02	-0.999E+03	2	0.348E+02	-0.999E+03	2		-999.0000	-999
2002-08-24T05:45:00	3955791	Colorado River near Grand Canyon AZ (09402500)	-999.0	13.0	-999.0	-999.00000	0.08546	-999.00000	0.871E+02	-0.999E+03	2	0.451E+02	-0.999E+03	2		-999.0000	-999
2002-08-24T06:00:00	3955793	Colorado River near Grand Canyon AZ (09402500)	-999.0	13.0	-999.0	-999.00000	0.06604	-999.00000	0.532E+02	-0.999E+03	2	0.432E+02	-0.999E+03	2		-999.0000	-999
2002-08-24T06:15:00	3955796	Colorado River near Grand Canyon AZ (09402500)	-999.0	13.0	-999.0	-999.00000	0.08555	-999.00000	0.873E+02	-0.999E+03	2	0.487E+02	-0.999E+03	2		-999.0000	-999
2002-08-24T06:30:00	3955800	Colorado River near Grand Canyon AZ (09402500)	-999.0	13.0	-999.0	-999.00000	0.10494	-999.00000	0.121E+03	-0.999E+03	2	0.549E+02	-0.999E+03	2		-999.0000	-999
2002-08-24T06:45:00	3955804	Colorado River near Grand Canyon AZ (09402500)	-999.0	13.0	-999.0	-999.00000	0.08561	-999.00000	0.874E+02	-0.999E+03	2	0.538E+02	-0.999E+03	2		-999.0000	-999
2002-08-24T07:00:00	3955807	Colorado River near Grand Canyon AZ (09402500)	-999.0	13.0	-999.0	-999.00000	0.06610	-999.00000	0.533E+02	-0.999E+03	2	0.477E+02	-0.999E+03	2		-999.0000	-999
2002-08-24T07:15:00	3955808	Colorado River near Grand Canyon AZ (09402500)	-999.0	13.0	-999.0	-999.00000	0.10494	-999.00000	0.121E+03	-0.999E+03	2	0.620E+02	-0.999E+03	2		-999.0000	-999
2002-08-24T07:30:00	3955813	Colorado River near Grand Canyon AZ (09402500)	-999.0	13.0	-999.0	-999.00000	0.10501	-999.00000	0.121E+03	-0.999E+03	2	0.620E+02	-0.999E+03	2		-999.0000	-999
2002-08-24T07:45:00	3955816	Colorado River near Grand Canyon AZ (09402500)	-999.0	12.9	-999.0	-999.00000	0.12331	-999.00000	0.153E+03	-0.999E+03	2	0.742E+02	-0.999E+03	2		-999.0000	-999
2002-08-24T08:00:00	3955819	Colorado River near Grand Canyon AZ (09402500)	-999.0	12.9	-999.0	-999.00000	0.12325	-999.00000	0.153E+03	-0.999E+03	2	0.868E+02	-0.999E+03	2		-999.0000	-999
2002-08-24T08:15:00	3955820	Colorado River near Grand Canyon AZ (09402500)	-999.0	12.9	-999.0	-999.00000	0.10392	-999.00000	0.119E+03	-0.999E+03	2	0.679E+02	-0.999E+03	2		-999.0000	-999
2002-08-24T08:30:00	3955824	Colorado River near Grand Canyon AZ (09402500)	-999.0	12.9	-999.0	-999.00000	0.12325	-999.00000	0.153E+03	-0.999E+03	2	0.868E+02	-0.999E+03	2		-999.0000	-999
2002-08-24T08:45:00	3955827	Colorado River near Grand Canyon AZ (09402500)	-999.0	12.9	-999.0	-999.00000	0.14277	-999.00000	0.186E+03	-0.999E+03	2	0.119E+03	-0.999E+03	2		-999.0000	-999
2002-08-24T09:00:00	3955830	Colorado River near Grand Canyon AZ (09402500)	-999.0	12.8	-999.0	-999.00000	0.10264	-999.00000	0.117E+03	-0.999E+03	2	0.678E+02	-0.999E+03	2		-999.0000	-999
2002-08-24T09:15:00	3955832	Colorado River near Grand Canyon AZ (09402500)	-999.0	12.8	-999.0	-999.00000	0.12209	-999.00000	0.151E+03	-0.999E+03	2	0.914E+02	-0.999E+03	2		-999.0000	-999
2002-08-24T09:30:00	3955835	Colorado River near Grand Canyon AZ (09402500)	-999.0	12.8	-999.0	-999.00000	0.10276	-999.00000	0.117E+03	-0.999E+03	2	0.931E+02	-0.999E+03	2		-999.0000	-999
2002-08-24T09:45:00	3955838	Colorado River near Grand Canyon AZ (09402500)	-999.0	12.8	-999.0	-999.00000	0.14142	-999.00000	0.184E+03	-0.999E+03	2	0.119E+03	-0.999E+03	2		-999.0000	-999
2002-08-24T10:00:00	3955841	Colorado River near Grand Canyon AZ (09402500)	-999.0	12.8	-999.0	-999.00000	0.10276	-999.00000	0.117E+03	-0.999E+03	2	0.789E+02	-0.999E+03	2		-999.0000	-999
2002-08-24T10:15:00	3955844	Colorado River near Grand Canyon AZ (09402500)	-999.0	12.8	-999.0	-999.00000	0.10264	-999.00000	0.117E+03	-0.999E+03	2	0.788E+02	-0.999E+03	2		-999.0000	-999
2002-08-24T10:30:00	3955847	Colorado River near Grand Canyon AZ (09402500)	-999.0	12.8	-999.0	-999.00000	0.10264	-999.00000	0.117E+03	-0.999E+03	2	0.704E+02	-0.999E+03	2		-999.0000	-999
2002-08-24T10:45:00	3955852	Colorado River near Grand Canyon AZ (09402500)	-999.0	12.8	-999.0	-999.00000	0.12212	-999.00000	0.151E+03	-0.999E+03	2	0.914E+02	-0.999E+03	2		-999.0000	-999
2002-08-24T11:00:00	3955853	Colorado River near Grand Canyon AZ (09402500)	-999.0	12.8	-999.0	-999.00000	0.12212	-999.00000	0.151E+03	-0.999E+03	2	0.914E+02	-0.999E+03	2		-999.0000	-999
2002-08-24T11:15:00	3955858	Colorado River near Grand Canyon AZ (09402500)	-999.0	12.8	-999.0	-999.00000	0.12204	-999.00000	0.150E+03	-0.999E+03	2	0.913E+02	-0.999E+03	2		-999.0000	-999
2002-08-24T11:30:00	3955860	Colorado River near Grand Canyon AZ (09402500)	-999.0	12.9	-999.0	-999.00000	0.10388	-999.00000	0.119E+03	-0.999E+03	2	0.789E+02	-0.999E+03	2		-999.0000	-999
2002-08-24T11:45:00	3955864	Colorado River near Grand Canyon AZ (09402500)	-999.0	12.9	-999.0	-999.00000	0.10383	-999.00000	0.119E+03	-0.999E+03	2	0.788E+02	-0.999E+03	2		-999.0000	-999
2002-08-24T12:00:00	3955867	Colorado River near Grand Canyon AZ (09402500)	-999.0	12.9	-999.0	-999.00000	0.10383	-999.00000	0.119E+03	-0.999E+03	2	0.832E+02	-0.999E+03	2		-999.0000	-999
2002-08-24T12:15:00	3955870	Colorado River near Grand Canyon AZ (09402500)	-999.0	12.9	-999.0	-999.00000	0.10386	-999.00000	0.119E+03	-0.999E+03	2	0.832E+02	-0.999E+03	2		-999.0000	-999
2002-08-24T12:30:00	3955872	Colorado River near Grand Canyon AZ (09402500)	-999.0	13.0	-999.0	-999.00000	0.12443	-999.00000	0.155E+03	-0.999E+03	2	0.108E+03	-0.999E+03	2		-999.0000	-999
2002-08-24T12:45:00	3955874	Colorado River near Grand Canyon AZ (09402500)	-999.0	13.0	-999.0	-999.00000	0.10510	-999.00000	0.121E+03	-0.999E+03	2	0.790E+02	-0.999E+03	2		-999.0000	-999
2002-08-24T13:00:00	3955878	Colorado River near Grand Canyon AZ (09402500)	-999.0	13.0	-999.0	-999.00000	0.10501	-999.00000	0.121E+03	-0.999E+03	2	0.788E+02	-0.999E+03	2		-999.0000	-999
2002-08-24T13:15:00	3955880	Colorado River near Grand Canyon AZ (09402500)	-999.0	13.0	-999.0	-999.00000	0.10501	-999.00000	0.121E+03	-0.999E+03	2	0.788E+02	-0.999E+03	2		-999.0000	-999
2002-08-24T13:30:00	3955884	Colorado River near Grand Canyon AZ (09402500)	-999.0	13.0	-999.0	-999.00000	0.08552	-999.00000	0.872E+02	-0.999E+03	2	0.716E+02	-0.999E+03	2		-999.0000	-999
2002-08-24T13:45:00	3955887	Colorado River near Grand Canyon AZ (09402500)	-999.0	13.1	-999.0	-999.00000	0.10615	-999.00000	0.123E+03	-0.999E+03	2	0.930E+02	-0.999E+03	2		-999.0000	-999
2002-08-24T14:00:00	3955891	Colorado River near Grand Canyon AZ (09402500)	-999.0	13.1	-999.0	-999.00000	0.08669	-999.00000	0.893E+02	-0.999E+03	2	0.625E+02	-0.999E+03	2		-999.0000	-999
2002-08-24T14:15:00	3955892	Colorado River near Grand Canyon AZ (09402500)	-999.0	13.1	-999.0	-999.00000	0.08679	-999.00000	0.894E+02	-0.999E+03	2	0.626E+02	-0.999E+03	2		-999.0000	-999
2002-08-24T14:30:00	3955897	Colorado River near Grand Canyon AZ (09402500)	-999.0	13.1	-999.0	-999.00000	0.10612	-999.00000	0.123E+03	-0.999E+03	2	0.678E+02	-0.999E+03	2		-999.0000	-999
2002-08-24T14:45:00	3955900	Colorado River near Grand Canyon AZ (09402500)	-999.0	13.2	-999.0	-999.00000	0.06844	-999.00000	0.574E+02	-0.999E+03	2	0.569E+02	-0.999E+03	2		-999.0000	-999
2002-08-24T15:00:00	3955902	Colorado River near Grand Canyon AZ (09402500)	-999.0	13.2	-999.0	-999.00000	0.04889	-999.00000	0.231E+02	-0.999E+03	2	0.481E+02	-0.999E+03	2		-999.0000	-999
2002-08-24T15:15:00	3955905	Colorado River near Grand Canyon AZ (09402500)	-999.0	13.2	-999.0	-999.00000	0.04892	-999.00000	0.231E+02	-0.999E+03	2	0.493E+02	-0.999E+03	2		-999.0000	-999
2002-08-24T15:30:00	3955908	Colorado River near Grand Canyon AZ (09402500)	-999.0	13.2	-999.0	-999.00000	0.06838	-999.00000	0.573E+02	-0.999E+03	2	0.555E+02	-0.999E+03	2		-999.0000	-999
2002-08-24T15:45:00	3955910	Colorado River near Grand Canyon AZ (09402500)	-999.0	13.2	-999.0	-999.00000	0.06838	-999.00000	0.573E+02	-0.999E+03	2	0.515E+02	-0.999E+03	2		-999.0000	-999
2002-08-24T16:00:00	3955913	Colorado River near Grand Canyon AZ (09402500)	-999.0	13.3	-999.0	-999.00000	0.08896	-999.00000	0.932E+02	-0.999E+03	2	0.580E+02	-0.999E+03	2		-999.0000	-999
2002-08-24T16:15:00	3955917	Colorado River near Grand Canyon AZ (09402500)	-999.0	13.3	-999.0	-999.00000	0.06957	-999.00000	0.594E+02	-0.999E+03	2	0.515E+02	-0.999E+03	2		-999.0000	-999
2002-08-24T16:30:00	3955919	Colorado River near Grand Canyon AZ (09402500)	-999.0	13.3	-999.0	-999.00000	0.05006	-999.00000	0.251E+02	-0.999E+03	2	0.436E+02	-0.999E+03	2		-999.0000	-999
2002-08-24T16:45:00	3955922	Colorado River near Grand Canyon AZ (09402500)	-999.0	13.3	-999.0	-999.00000	0.05006	-999.00000	0.251E+02	-0.999E+03	2	0.446E+02	-0.999E+03	2		-999.0000	-999
2002-08-24T17:00:00	3955925	Colorado River near Grand Canyon AZ (09402500)	-999.0	13.3	-999.0	-999.00000	0.04999	-999.00000	0.250E+02	-0.999E+03	2	0.446E+02	-0.999E+03	2		-999.0000	-999
2002-08-24T17:15:00	3955928	Colorado River near Grand Canyon AZ (09402500)	-999.0	13.3	-999.0	-999.00000	0.03076	-999.00000		-0.999E+03	-999	0.396E+02	-0.999E+03	2		-999.0000	-999
2002-08-24T17:30:00	3955931	Colorado River near Grand Canyon AZ (09402500)	-999.0	13.3	-999.0	-999.00000	0.06942	-999.00000	0.591E+02	-0.999E+03	2	0.466E+02	-0.999E+03	2		-999.0000	-999
2002-08-24T17:45:00	3955934	Colorado River near Grand Canyon AZ (09402500)	-999.0	13.3	-999.0	-999.00000	0.03063	-999.00000		-0.999E+03	-999	0.396E+02	-0.999E+03	2		-999.0000	-999
2002-08-24T18:00:00	3955939	Colorado River near Grand Canyon AZ (09402500)	-999.0	13.2	-999.0	-999.00000	0.02941	-999.00000		-0.999E+03	-999	0.387E+02	-0.999E+03	2		-999.0000	-999
2002-08-24T18:15:00	3955940	Colorado River near Grand Canyon AZ (09402500)	-999.0	13.2	-999.0	-999.00000	0.04886	-999.00000	0.230E+02	-0.999E+03	2	0.446E+02	-0.999E+03	2		-999.0000	-999
2002-08-24T18:30:00	3955945	Colorado River near Grand Canyon AZ (09402500)	-999.0	13.2	-999.0	-999.00000	0.02934	-999.00000		-0.999E+03	-999	0.396E+02	-0.999E+03	2		-999.0000	-999
2002-08-24T18:45:00	3955948	Colorado River near Grand Canyon AZ (09402500)	-999.0	13.2	-999.0	-999.00000	0.01001	-999.00000		-0.999E+03	-999	0.343E+02	-0.999E+03	2		-999.0000	-999
2002-08-24T19:00:00	3955951	Colorado River near Grand Canyon AZ (09402500)	-999.0	13.2	-999.0	-999.00000	0.02935	-999.00000		-0.999E+03	-999	0.367E+02	-0.999E+03	2		-999.0000	-999
2002-08-24T19:15:00	3955953	Colorado River near Grand Canyon AZ (09402500)	-999.0	13.2	-999.0	-999.00000	0.02941	-999.00000		-0.999E+03	-999	0.367E+02	-0.999E+03	2		-999.0000	-999
2002-08-24T19:30:00	3955957	Colorado River near Grand Canyon AZ (09402500)	-999.0	13.2	-999.0	-999.00000	0.00992	-999.00000		-0.999E+03	-999	0.326E+02	-0.999E+03	2		-999.0000	-999
2002-08-24T19:45:00	3955960	Colorado River near Grand Canyon AZ (09402500)	-999.0	13.2	-999.0	-999.00000	-0.00953	-999.00000		-0.999E+03	-999	0.282E+02	-0.999E+03	2		-999.0000	-999
2002-08-24T20:00:00	3955962	Colorado River near Grand Canyon AZ (09402500)	-999.0	13.2	-999.0	-999.00000	0.00992	-999.00000		-0.999E+03	-999	0.302E+02	-0.999E+03	2		-999.0000	-999
2002-08-24T20:15:00	3955965	Colorado River near Grand Canyon AZ (09402500)	-999.0	13.2	-999.0	-999.00000	0.00974	-999.00000		-0.999E+03	-999	0.302E+02	-0.999E+03	2		-999.0000	-999
2002-08-24T20:30:00	3955969	Colorado River near Grand Canyon AZ (09402500)	-999.0	13.2	-999.0	-999.00000	-0.02893	-999.00000		-0.999E+03	-999	0.238E+02	-0.999E+03	2		-999.0000	-999
2002-08-24T20:45:00	3955972	Colorado River near Grand Canyon AZ (09402500)	-999.0	13.1	-999.0	-999.00000	0.00869	-999.00000		-0.999E+03	-999	0.280E+02	-0.999E+03	2		-999.0000	-999
2002-08-24T21:00:00	3955974	Colorado River near Grand Canyon AZ (09402500)	-999.0	13.1	-999.0	-999.00000	0.00875	-999.00000		-0.999E+03	-999	0.266E+02	-0.999E+03	2		-999.0000	-999
2002-08-24T21:15:00	3955978	Colorado River near Grand Canyon AZ (09402500)	-999.0	13.1	-999.0	-999.00000	-0.01080	-999.00000		-0.999E+03	-999	0.230E+02	-0.999E+03	2		-999.0000	-999
2002-08-24T21:30:00	3955981	Colorado River near Grand Canyon AZ (09402500)	-999.0	13.1	-999.0	-999.00000	-0.04964	-999.00000		-0.999E+03	-999	0.173E+02	-0.999E+03	2		-999.0000	-999
2002-08-24T21:45:00	3955982	Colorado River near Grand Canyon AZ (09402500)	-999.0	13.1	-999.0	-999.00000	-0.03031	-999.00000		-0.999E+03	-999	0.210E+02	-0.999E+03	2		-999.0000	-999
2002-08-24T22:00:00	3955987	Colorado River near Grand Canyon AZ (09402500)	-999.0	13.1	-999.0	-999.00000	-0.03022	-999.00000		-0.999E+03	-999	0.195E+02	-0.999E+03	2		-999.0000	-999
2002-08-24T22:15:00	3955990	Colorado River near Grand Canyon AZ (09402500)	-999.0	13.1	-999.0	-999.00000	-0.03022	-999.00000		-0.999E+03	-999	0.195E+02	-0.999E+03	2		-999.0000	-999
2002-08-24T22:30:00	3955993	Colorado River near Grand Canyon AZ (09402500)	-999.0	13.1	-999.0	-999.00000	-0.01073	-999.00000		-0.999E+03	-999	0.203E+02	-0.999E+03	2		-999.0000	-999
2002-08-24T22:45:00	3955994	Colorado River near Grand Canyon AZ (09402500)	-999.0	13.0	-999.0	-999.00000	-0.01188	-999.00000		-0.999E+03	-999	0.203E+02	-0.999E+03	2		-999.0000	-999
2002-08-24T23:00:00	3955998	Colorado River near Grand Canyon AZ (09402500)	-999.0	13.0	-999.0	-999.00000	0.00758	-999.00000		-0.999E+03	-999	0.229E+02	-0.999E+03	2		-999.0000	-999
2002-08-24T23:15:00	3956000	Colorado River near Grand Canyon AZ (09402500)	-999.0	13.0	-999.0	-999.00000	0.00730	-999.00000		-0.999E+03	-999	0.202E+02	-0.999E+03	2		-999.0000	-999
2002-08-24T23:30:00	3956003	Colorado River near Grand Canyon AZ (09402500)	-999.0	13.0	-999.0	-999.00000	-0.05070	-999.00000		-0.999E+03	-999	0.149E+02	-0.999E+03	2		-999.0000	-999
2002-08-24T23:45:00	3956008	Colorado River near Grand Canyon AZ (09402500)	-999.0	13.0	-999.0	-999.00000	-0.01197	-999.00000		-0.999E+03	-999	0.185E+02	-0.999E+03	2		-999.0000	-999
2002-08-25T00:00:00	3956009	Colorado River near Grand Canyon AZ (09402500)	-999.0	13.0	-999.0	-999.00000	0.00758	-999.00000		-0.999E+03	-999	0.208E+02	-0.999E+03	2		-999.0000	-999
2002-08-25T00:15:00	3956014	Colorado River near Grand Canyon AZ (09402500)	-999.0	13.0	-999.0	-999.00000	-0.01191	-999.00000		-0.999E+03	-999	0.175E+02	-0.999E+03	2		-999.0000	-999
2002-08-25T00:30:00	3956016	Colorado River near Grand Canyon AZ (09402500)	-999.0	12.9	-999.0	-999.00000	-0.01315	-999.00000		-0.999E+03	-999	0.175E+02	-0.999E+03	2		-999.0000	-999
2002-08-25T00:45:00	3956018	Colorado River near Grand Canyon AZ (09402500)	-999.0	12.9	-999.0	-999.00000	-0.03248	-999.00000		-0.999E+03	-999	0.160E+02	-0.999E+03	2		-999.0000	-999
2002-08-25T01:00:00	3956023	Colorado River near Grand Canyon AZ (09402500)	-999.0	12.9	-999.0	-999.00000	-0.01315	-999.00000		-0.999E+03	-999	0.166E+02	-0.999E+03	2		-999.0000	-999
2002-08-25T01:15:00	3956024	Colorado River near Grand Canyon AZ (09402500)	-999.0	12.9	-999.0	-999.00000	0.00637	-999.00000		-0.999E+03	-999	0.198E+02	-0.999E+03	2		-999.0000	-999
2002-08-25T01:30:00	3956028	Colorado River near Grand Canyon AZ (09402500)	-999.0	12.9	-999.0	-999.00000	-0.01309	-999.00000		-0.999E+03	-999	0.166E+02	-0.999E+03	2		-999.0000	-999
2002-08-25T01:45:00	3956031	Colorado River near Grand Canyon AZ (09402500)	-999.0	12.9	-999.0	-999.00000	-0.03254	-999.00000		-0.999E+03	-999	0.148E+02	-0.999E+03	2		-999.0000	-999
2002-08-25T02:00:00	3956035	Colorado River near Grand Canyon AZ (09402500)	-999.0	12.9	-999.0	-999.00000	-0.01302	-999.00000		-0.999E+03	-999	0.166E+02	-0.999E+03	2		-999.0000	-999
2002-08-25T02:15:00	3956037	Colorado River near Grand Canyon AZ (09402500)	-999.0	12.9	-999.0	-999.00000	0.00639	-999.00000		-0.999E+03	-999	0.174E+02	-0.999E+03	2		-999.0000	-999
2002-08-25T02:30:00	3956040	Colorado River near Grand Canyon AZ (09402500)	-999.0	12.8	-999.0	-999.00000	0.00521	-999.00000		-0.999E+03	-999	0.192E+02	-0.999E+03	2		-999.0000	-999
2002-08-25T02:45:00	3956043	Colorado River near Grand Canyon AZ (09402500)	-999.0	12.8	-999.0	-999.00000	0.02467	-999.00000		-0.999E+03	-999	0.210E+02	-0.999E+03	2		-999.0000	-999
2002-08-25T03:00:00	3956045	Colorado River near Grand Canyon AZ (09402500)	-999.0	12.8	-999.0	-999.00000	0.00521	-999.00000		-0.999E+03	-999	0.202E+02	-0.999E+03	2		-999.0000	-999
2002-08-25T03:15:00	3956049	Colorado River near Grand Canyon AZ (09402500)	-999.0	12.8	-999.0	-999.00000	-0.03370	-999.00000		-0.999E+03	-999	0.172E+02	-0.999E+03	2		-999.0000	-999
2002-08-25T03:30:00	3956052	Colorado River near Grand Canyon AZ (09402500)	-999.0	12.8	-999.0	-999.00000	0.00515	-999.00000		-0.999E+03	-999	0.202E+02	-0.999E+03	2		-999.0000	-999
2002-08-25T03:45:00	3956055	Colorado River near Grand Canyon AZ (09402500)	-999.0	12.8	-999.0	-999.00000	-0.01418	-999.00000		-0.999E+03	-999	0.175E+02	-0.999E+03	2		-999.0000	-999
2002-08-25T04:00:00	3956059	Colorado River near Grand Canyon AZ (09402500)	-999.0	12.8	-999.0	-999.00000	-0.05312	-999.00000		-0.999E+03	-999	0.145E+02	-0.999E+03	2		-999.0000	-999
2002-08-25T04:15:00	3956060	Colorado River near Grand Canyon AZ (09402500)	-999.0	12.8	-999.0	-999.00000	-0.03379	-999.00000		-0.999E+03	-999	0.167E+02	-0.999E+03	2		-999.0000	-999
2002-08-25T04:30:00	3956063	Colorado River near Grand Canyon AZ (09402500)	-999.0	12.9	-999.0	-999.00000	-0.03257	-999.00000		-0.999E+03	-999	0.195E+02	-0.999E+03	2		-999.0000	-999
2002-08-25T04:45:00	3956067	Colorado River near Grand Canyon AZ (09402500)	-999.0	12.9	-999.0	-999.00000	-0.01309	-999.00000		-0.999E+03	-999	0.198E+02	-0.999E+03	2		-999.0000	-999
2002-08-25T05:00:00	3956071	Colorado River near Grand Canyon AZ (09402500)	-999.0	12.9	-999.0	-999.00000	-0.01303	-999.00000		-0.999E+03	-999	0.214E+02	-0.999E+03	2		-999.0000	-999
2002-08-25T05:15:00	3956073	Colorado River near Grand Canyon AZ (09402500)	-999.0	12.9	-999.0	-999.00000	0.00630	-999.00000		-0.999E+03	-999	0.240E+02	-0.999E+03	2		-999.0000	-999
2002-08-25T05:30:00	3956076	Colorado River near Grand Canyon AZ (09402500)	-999.0	12.9	-999.0	-999.00000	0.00640	-999.00000		-0.999E+03	-999	0.259E+02	-0.999E+03	2		-999.0000	-999
2002-08-25T05:45:00	3956080	Colorado River near Grand Canyon AZ (09402500)	-999.0	12.9	-999.0	-999.00000	-0.03251	-999.00000		-0.999E+03	-999	0.215E+02	-0.999E+03	2		-999.0000	-999
2002-08-25T06:00:00	3956083	Colorado River near Grand Canyon AZ (09402500)	-999.0	13.0	-999.0	-999.00000	0.02706	-999.00000		-0.999E+03	-999	0.292E+02	-0.999E+03	2		-999.0000	-999
2002-08-25T06:15:00	3956084	Colorado River near Grand Canyon AZ (09402500)	-999.0	13.0	-999.0	-999.00000	0.00755	-999.00000		-0.999E+03	-999	0.280E+02	-0.999E+03	2		-999.0000	-999
2002-08-25T06:30:00	3956088	Colorado River near Grand Canyon AZ (09402500)	-999.0	13.0	-999.0	-999.00000	-0.01184	-999.00000		-0.999E+03	-999	0.262E+02	-0.999E+03	2		-999.0000	-999
2002-08-25T06:45:00	3956090	Colorado River near Grand Canyon AZ (09402500)	-999.0	13.0	-999.0	-999.00000	0.00767	-999.00000		-0.999E+03	-999	0.295E+02	-0.999E+03	2		-999.0000	-999
2002-08-25T07:00:00	3956093	Colorado River near Grand Canyon AZ (09402500)	-999.0	13.0	-999.0	-999.00000	0.02700	-999.00000		-0.999E+03	-999	0.340E+02	-0.999E+03	2		-999.0000	-999
2002-08-25T07:15:00	3956097	Colorado River near Grand Canyon AZ (09402500)	-999.0	13.0	-999.0	-999.00000	0.04652	-999.00000	0.189E+02	-0.999E+03	2	0.383E+02	-0.999E+03	2		-999.0000	-999
2002-08-25T07:30:00	3956099	Colorado River near Grand Canyon AZ (09402500)	-999.0	13.0	-999.0	-999.00000	0.04655	-999.00000	0.189E+02	-0.999E+03	2	0.413E+02	-0.999E+03	2		-999.0000	-999
2002-08-25T07:45:00	3956102	Colorado River near Grand Canyon AZ (09402500)	-999.0	13.0	-999.0	-999.00000	0.02710	-999.00000		-0.999E+03	-999	0.367E+02	-0.999E+03	2		-999.0000	-999
2002-08-25T08:00:00	3956105	Colorado River near Grand Canyon AZ (09402500)	-999.0	13.0	-999.0	-999.00000	0.04649	-999.00000	0.188E+02	-0.999E+03	2	0.446E+02	-0.999E+03	2		-999.0000	-999
2002-08-25T08:15:00	3956108	Colorado River near Grand Canyon AZ (09402500)	-999.0	13.0	-999.0	-999.00000	0.02716	-999.00000		-0.999E+03	-999	0.396E+02	-0.999E+03	2		-999.0000	-999
2002-08-25T08:30:00	3956111	Colorado River near Grand Canyon AZ (09402500)	-999.0	13.0	-999.0	-999.00000	0.04649	-999.00000	0.188E+02	-0.999E+03	2	0.457E+02	-0.999E+03	2		-999.0000	-999
2002-08-25T08:45:00	3956116	Colorado River near Grand Canyon AZ (09402500)	-999.0	13.0	-999.0	-999.00000	0.06600	-999.00000	0.531E+02	-0.999E+03	2	0.514E+02	-0.999E+03	2		-999.0000	-999
2002-08-25T09:00:00	3956119	Colorado River near Grand Canyon AZ (09402500)	-999.0	13.0	-999.0	-999.00000	0.08552	-999.00000	0.872E+02	-0.999E+03	2	0.580E+02	-0.999E+03	2		-999.0000	-999
2002-08-25T09:15:00	3956120	Colorado River near Grand Canyon AZ (09402500)	-999.0	13.0	-999.0	-999.00000	0.06600	-999.00000	0.531E+02	-0.999E+03	2	0.555E+02	-0.999E+03	2		-999.0000	-999
2002-08-25T09:30:00	3956124	Colorado River near Grand Canyon AZ (09402500)	-999.0	12.9	-999.0	-999.00000	0.04543	-999.00000	0.170E+02	-0.999E+03	2	0.493E+02	-0.999E+03	2		-999.0000	-999
2002-08-25T09:45:00	3956127	Colorado River near Grand Canyon AZ (09402500)	-999.0	12.9	-999.0	-999.00000	0.06485	-999.00000	0.511E+02	-0.999E+03	2	0.555E+02	-0.999E+03	2		-999.0000	-999
2002-08-25T10:00:00	3956129	Colorado River near Grand Canyon AZ (09402500)	-999.0	12.9	-999.0	-999.00000	0.06485	-999.00000	0.511E+02	-0.999E+03	2	0.515E+02	-0.999E+03	2		-999.0000	-999
2002-08-25T10:15:00	3956133	Colorado River near Grand Canyon AZ (09402500)	-999.0	12.9	-999.0	-999.00000	0.04540	-999.00000	0.169E+02	-0.999E+03	2	0.493E+02	-0.999E+03	2		-999.0000	-999
2002-08-25T10:30:00	3956135	Colorado River near Grand Canyon AZ (09402500)	-999.0	12.9	-999.0	-999.00000	0.08434	-999.00000	0.852E+02	-0.999E+03	2	0.696E+02	-0.999E+03	2		-999.0000	-999
2002-08-25T10:45:00	3956139	Colorado River near Grand Canyon AZ (09402500)	-999.0	12.9	-999.0	-999.00000	0.06485	-999.00000	0.511E+02	-0.999E+03	2	0.599E+02	-0.999E+03	2		-999.0000	-999
2002-08-25T11:00:00	3956141	Colorado River near Grand Canyon AZ (09402500)	-999.0	12.9	-999.0	-999.00000	0.06485	-999.00000	0.511E+02	-0.999E+03	2	0.613E+02	-0.999E+03	2		-999.0000	-999
2002-08-25T11:15:00	3956144	Colorado River near Grand Canyon AZ (09402500)	-999.0	12.9	-999.0	-999.00000	0.06485	-999.00000	0.511E+02	-0.999E+03	2	0.599E+02	-0.999E+03	2		-999.0000	-999
2002-08-25T11:30:00	3956148	Colorado River near Grand Canyon AZ (09402500)	-999.0	12.9	-999.0	-999.00000	0.06485	-999.00000	0.511E+02	-0.999E+03	2	0.599E+02	-0.999E+03	2		-999.0000	-999
2002-08-25T11:45:00	3956152	Colorado River near Grand Canyon AZ (09402500)	-999.0	12.9	-999.0	-999.00000	0.08431	-999.00000	0.851E+02	-0.999E+03	2	0.625E+02	-0.999E+03	2		-999.0000	-999
2002-08-25T12:00:00	3956155	Colorado River near Grand Canyon AZ (09402500)	-999.0	12.9	-999.0	-999.00000	0.06485	-999.00000	0.511E+02	-0.999E+03	2	0.599E+02	-0.999E+03	2		-999.0000	-999
2002-08-25T12:15:00	3956156	Colorado River near Grand Canyon AZ (09402500)	-999.0	12.9	-999.0	-999.00000	0.08434	-999.00000	0.852E+02	-0.999E+03	2	0.625E+02	-0.999E+03	2		-999.0000	-999
2002-08-25T12:30:00	3956161	Colorado River near Grand Canyon AZ (09402500)	-999.0	13.0	-999.0	-999.00000	0.08552	-999.00000	0.872E+02	-0.999E+03	2	0.716E+02	-0.999E+03	2		-999.0000	-999
2002-08-25T12:45:00	3956164	Colorado River near Grand Canyon AZ (09402500)	-999.0	13.0	-999.0	-999.00000	0.08533	-999.00000	0.869E+02	-0.999E+03	2	0.640E+02	-0.999E+03	2		-999.0000	-999
2002-08-25T13:00:00	3956167	Colorado River near Grand Canyon AZ (09402500)	-999.0	13.0	-999.0	-999.00000	0.04667	-999.00000	0.192E+02	-0.999E+03	2	0.493E+02	-0.999E+03	2		-999.0000	-999
2002-08-25T13:15:00	3956168	Colorado River near Grand Canyon AZ (09402500)	-999.0	13.0	-999.0	-999.00000	0.02709	-999.00000		-0.999E+03	-999	0.460E+02	-0.999E+03	2		-999.0000	-999
2002-08-25T13:30:00	3956172	Colorado River near Grand Canyon AZ (09402500)	-999.0	13.0	-999.0	-999.00000	0.06604	-999.00000	0.532E+02	-0.999E+03	2	0.599E+02	-0.999E+03	2		-999.0000	-999
2002-08-25T13:45:00	3956175	Colorado River near Grand Canyon AZ (09402500)	-999.0	13.0	-999.0	-999.00000	0.08546	-999.00000	0.871E+02	-0.999E+03	2	0.594E+02	-0.999E+03	2		-999.0000	-999
2002-08-25T14:00:00	3956178	Colorado River near Grand Canyon AZ (09402500)	-999.0	13.1	-999.0	-999.00000	0.04779	-999.00000	0.211E+02	-0.999E+03	2	0.560E+02	-0.999E+03	2		-999.0000	-999
2002-08-25T14:15:00	3956180	Colorado River near Grand Canyon AZ (09402500)	-999.0	13.1	-999.0	-999.00000	0.06712	-999.00000	0.551E+02	-0.999E+03	2	0.598E+02	-0.999E+03	2		-999.0000	-999
2002-08-25T14:30:00	3956183	Colorado River near Grand Canyon AZ (09402500)	-999.0	13.1	-999.0	-999.00000	0.04779	-999.00000	0.211E+02	-0.999E+03	2	0.532E+02	-0.999E+03	2		-999.0000	-999
2002-08-25T14:45:00	3956186	Colorado River near Grand Canyon AZ (09402500)	-999.0	13.1	-999.0	-999.00000	0.04772	-999.00000	0.210E+02	-0.999E+03	2	0.519E+02	-0.999E+03	2		-999.0000	-999
2002-08-25T15:00:00	3956189	Colorado River near Grand Canyon AZ (09402500)	-999.0	13.1	-999.0	-999.00000	0.02824	-999.00000		-0.999E+03	-999	0.460E+02	-0.999E+03	2		-999.0000	-999
2002-08-25T15:15:00	3956192	Colorado River near Grand Canyon AZ (09402500)	-999.0	13.1	-999.0	-999.00000	0.06718	-999.00000	0.552E+02	-0.999E+03	2	0.542E+02	-0.999E+03	2		-999.0000	-999
2002-08-25T15:30:00	3956195	Colorado River near Grand Canyon AZ (09402500)	-999.0	13.2	-999.0	-999.00000	0.04883	-999.00000	0.230E+02	-0.999E+03	2	0.519E+02	-0.999E+03	2		-999.0000	-999
2002-08-25T15:45:00	3956199	Colorado River near Grand Canyon AZ (09402500)	-999.0	13.2	-999.0	-999.00000	0.02950	-999.00000		-0.999E+03	-999	0.461E+02	-0.999E+03	2		-999.0000	-999
2002-08-25T16:00:00	3956201	Colorado River near Grand Canyon AZ (09402500)	-999.0	13.2	-999.0	-999.00000	0.04883	-999.00000	0.230E+02	-0.999E+03	2	0.481E+02	-0.999E+03	2		-999.0000	-999
2002-08-25T16:15:00	3956206	Colorado River near Grand Canyon AZ (09402500)	-999.0	13.2	-999.0	-999.00000	0.02944	-999.00000		-0.999E+03	-999	0.427E+02	-0.999E+03	2		-999.0000	-999
2002-08-25T16:30:00	3956208	Colorado River near Grand Canyon AZ (09402500)	-999.0	13.2	-999.0	-999.00000	0.00992	-999.00000		-0.999E+03	-999	0.370E+02	-0.999E+03	2		-999.0000	-999
2002-08-25T16:45:00	3956211	Colorado River near Grand Canyon AZ (09402500)	-999.0	13.2	-999.0	-999.00000	0.02941	-999.00000		-0.999E+03	-999	0.460E+02	-0.999E+03	2		-999.0000	-999
2002-08-25T17:00:00	3956214	Colorado River near Grand Canyon AZ (09402500)	-999.0	13.2	-999.0	-999.00000	0.02934	-999.00000		-0.999E+03	-999	0.417E+02	-0.999E+03	2		-999.0000	-999
2002-08-25T17:15:00	3956216	Colorado River near Grand Canyon AZ (09402500)	-999.0	13.2	-999.0	-999.00000	0.01001	-999.00000		-0.999E+03	-999	0.343E+02	-0.999E+03	2		-999.0000	-999
2002-08-25T17:30:00	3956220	Colorado River near Grand Canyon AZ (09402500)	-999.0	13.2	-999.0	-999.00000	0.00992	-999.00000		-0.999E+03	-999	0.351E+02	-0.999E+03	2		-999.0000	-999
2002-08-25T17:45:00	3956223	Colorado River near Grand Canyon AZ (09402500)	-999.0	13.2	-999.0	-999.00000	0.00992	-999.00000		-0.999E+03	-999	0.343E+02	-0.999E+03	2		-999.0000	-999
2002-08-25T18:00:00	3956227	Colorado River near Grand Canyon AZ (09402500)	-999.0	13.2	-999.0	-999.00000	0.00992	-999.00000		-0.999E+03	-999	0.343E+02	-0.999E+03	2		-999.0000	-999
2002-08-25T18:15:00	3956230	Colorado River near Grand Canyon AZ (09402500)	-999.0	13.2	-999.0	-999.00000	-0.00953	-999.00000		-0.999E+03	-999	0.297E+02	-0.999E+03	2		-999.0000	-999
2002-08-25T18:30:00	3956232	Colorado River near Grand Canyon AZ (09402500)	-999.0	13.2	-999.0	-999.00000	0.00986	-999.00000		-0.999E+03	-999	0.326E+02	-0.999E+03	2		-999.0000	-999
2002-08-25T18:45:00	3956235	Colorado River near Grand Canyon AZ (09402500)	-999.0	13.2	-999.0	-999.00000	-0.00966	-999.00000		-0.999E+03	-999	0.282E+02	-0.999E+03	2		-999.0000	-999
2002-08-25T19:00:00	3956238	Colorado River near Grand Canyon AZ (09402500)	-999.0	13.2	-999.0	-999.00000	-0.02899	-999.00000		-0.999E+03	-999	0.245E+02	-0.999E+03	2		-999.0000	-999
2002-08-25T19:15:00	3956242	Colorado River near Grand Canyon AZ (09402500)	-999.0	13.2	-999.0	-999.00000	-0.02905	-999.00000		-0.999E+03	-999	0.232E+02	-0.999E+03	2		-999.0000	-999
2002-08-25T19:30:00	3956243	Colorado River near Grand Canyon AZ (09402500)	-999.0	13.2	-999.0	-999.00000	-0.00956	-999.00000		-0.999E+03	-999	0.262E+02	-0.999E+03	2		-999.0000	-999
2002-08-25T19:45:00	3956248	Colorado River near Grand Canyon AZ (09402500)	-999.0	13.2	-999.0	-999.00000	-0.00963	-999.00000		-0.999E+03	-999	0.262E+02	-0.999E+03	2		-999.0000	-999
2002-08-25T20:00:00	3956251	Colorado River near Grand Canyon AZ (09402500)	-999.0	13.2	-999.0	-999.00000	-0.04854	-999.00000		-0.999E+03	-999	0.222E+02	-0.999E+03	2		-999.0000	-999
2002-08-25T20:15:00	3956253	Colorado River near Grand Canyon AZ (09402500)	-999.0	13.2	-999.0	-999.00000	-0.04854	-999.00000		-0.999E+03	-999	0.191E+02	-0.999E+03	2		-999.0000	-999
2002-08-25T20:30:00	3956257	Colorado River near Grand Canyon AZ (09402500)	-999.0	13.2	-999.0	-999.00000	-0.04854	-999.00000		-0.999E+03	-999	0.187E+02	-0.999E+03	2		-999.0000	-999
2002-08-25T20:45:00	3956260	Colorado River near Grand Canyon AZ (09402500)	-999.0	13.1	-999.0	-999.00000	-0.01079	-999.00000		-0.999E+03	-999	0.225E+02	-0.999E+03	2		-999.0000	-999
2002-08-25T21:00:00	3956263	Colorado River near Grand Canyon AZ (09402500)	-999.0	13.1	-999.0	-999.00000	-0.03022	-999.00000		-0.999E+03	-999	0.200E+02	-0.999E+03	2		-999.0000	-999
2002-08-25T21:15:00	3956264	Colorado River near Grand Canyon AZ (09402500)	-999.0	13.1	-999.0	-999.00000	-0.04970	-999.00000		-0.999E+03	-999	0.169E+02	-0.999E+03	2		-999.0000	-999
2002-08-25T21:30:00	3956267	Colorado River near Grand Canyon AZ (09402500)	-999.0	13.1	-999.0	-999.00000	-0.04970	-999.00000		-0.999E+03	-999	0.164E+02	-0.999E+03	2		-999.0000	-999
2002-08-25T21:45:00	3956270	Colorado River near Grand Canyon AZ (09402500)	-999.0	13.1	-999.0	-999.00000	-0.04970	-999.00000		-0.999E+03	-999	0.169E+02	-0.999E+03	2		-999.0000	-999
2002-08-25T22:00:00	3956275	Colorado River near Grand Canyon AZ (09402500)	-999.0	13.1	-999.0	-999.00000	-0.04970	-999.00000		-0.999E+03	-999	0.169E+02	-0.999E+03	2		-999.0000	-999
2002-08-25T22:15:00	3956277	Colorado River near Grand Canyon AZ (09402500)	-999.0	13.1	-999.0	-999.00000	-0.04970	-999.00000		-0.999E+03	-999	0.169E+02	-0.999E+03	2		-999.0000	-999
2002-08-25T22:30:00	3956279	Colorado River near Grand Canyon AZ (09402500)	-999.0	13.1	-999.0	-999.00000	-0.01074	-999.00000		-0.999E+03	-999	0.188E+02	-0.999E+03	2		-999.0000	-999
2002-08-25T22:45:00	3956282	Colorado River near Grand Canyon AZ (09402500)	-999.0	13.0	-999.0	-999.00000	-0.07040	-999.00000		-0.999E+03	-999	0.135E+02	-0.999E+03	2		-999.0000	-999
2002-08-25T23:00:00	3956287	Colorado River near Grand Canyon AZ (09402500)	-999.0	13.0	-999.0	-999.00000	-0.08979	-999.00000		-0.999E+03	-999	0.112E+02	-0.999E+03	2		-999.0000	-999
2002-08-25T23:15:00	3956288	Colorado River near Grand Canyon AZ (09402500)	-999.0	13.0	-999.0	-999.00000	-0.07046	-999.00000		-0.999E+03	-999	0.129E+02	-0.999E+03	2		-999.0000	-999
2002-08-25T23:30:00	3956293	Colorado River near Grand Canyon AZ (09402500)	-999.0	13.0	-999.0	-999.00000	-0.03152	-999.00000		-0.999E+03	-999	0.155E+02	-0.999E+03	2		-999.0000	-999
2002-08-25T23:45:00	3956296	Colorado River near Grand Canyon AZ (09402500)	-999.0	13.0	-999.0	-999.00000	-0.05085	-999.00000		-0.999E+03	-999	0.134E+02	-0.999E+03	2		-999.0000	-999
2002-08-26T00:00:00	3956299	Colorado River near Grand Canyon AZ (09402500)	-999.0	12.9	-999.0	-999.00000	-0.01309	-999.00000		-0.999E+03	-999	0.162E+02	-0.999E+03	2		-999.0000	-999
2002-08-26T00:15:00	3956301	Colorado River near Grand Canyon AZ (09402500)	-999.0	12.9	-999.0	-999.00000	-0.03261	-999.00000		-0.999E+03	-999	0.155E+02	-0.999E+03	2		-999.0000	-999
2002-08-26T00:30:00	3956305	Colorado River near Grand Canyon AZ (09402500)	-999.0	12.9	-999.0	-999.00000	-0.05200	-999.00000		-0.999E+03	-999	0.128E+02	-0.999E+03	2		-999.0000	-999
2002-08-26T00:45:00	3956308	Colorado River near Grand Canyon AZ (09402500)	-999.0	12.9	-999.0	-999.00000	-0.03248	-999.00000		-0.999E+03	-999	0.144E+02	-0.999E+03	2		-999.0000	-999
2002-08-26T01:00:00	3956310	Colorado River near Grand Canyon AZ (09402500)	-999.0	12.9	-999.0	-999.00000	-0.01315	-999.00000		-0.999E+03	-999	0.162E+02	-0.999E+03	2		-999.0000	-999
2002-08-26T01:15:00	3956313	Colorado River near Grand Canyon AZ (09402500)	-999.0	12.9	-999.0	-999.00000	-0.05200	-999.00000		-0.999E+03	-999	0.132E+02	-0.999E+03	2		-999.0000	-999
2002-08-26T01:30:00	3956316	Colorado River near Grand Canyon AZ (09402500)	-999.0	12.8	-999.0	-999.00000	-0.03376	-999.00000		-0.999E+03	-999	0.144E+02	-0.999E+03	2		-999.0000	-999
2002-08-26T01:45:00	3956320	Colorado River near Grand Canyon AZ (09402500)	-999.0	12.8	-999.0	-999.00000	-0.01427	-999.00000		-0.999E+03	-999	0.162E+02	-0.999E+03	2		-999.0000	-999
2002-08-26T02:00:00	3956322	Colorado River near Grand Canyon AZ (09402500)	-999.0	12.8	-999.0	-999.00000	-0.01440	-999.00000		-0.999E+03	-999	0.162E+02	-0.999E+03	2		-999.0000	-999
2002-08-26T02:15:00	3956326	Colorado River near Grand Canyon AZ (09402500)	-999.0	12.8	-999.0	-999.00000	-0.05306	-999.00000		-0.999E+03	-999	0.125E+02	-0.999E+03	2		-999.0000	-999
2002-08-26T02:30:00	3956327	Colorado River near Grand Canyon AZ (09402500)	-999.0	12.8	-999.0	-999.00000	-0.03382	-999.00000		-0.999E+03	-999	0.144E+02	-0.999E+03	2		-999.0000	-999
2002-08-26T02:45:00	3956331	Colorado River near Grand Canyon AZ (09402500)	-999.0	12.8	-999.0	-999.00000	-0.05322	-999.00000		-0.999E+03	-999	0.128E+02	-0.999E+03	2		-999.0000	-999
2002-08-26T03:00:00	3956334	Colorado River near Grand Canyon AZ (09402500)	-999.0	12.8	-999.0	-999.00000	0.00521	-999.00000		-0.999E+03	-999	0.182E+02	-0.999E+03	2		-999.0000	-999
2002-08-26T03:15:00	3956338	Colorado River near Grand Canyon AZ (09402500)	-999.0	12.7	-999.0	-999.00000	-0.09325	-999.00000		-0.999E+03	-999	0.115E+02	-0.999E+03	2		-999.0000	-999
2002-08-26T03:30:00	3956340	Colorado River near Grand Canyon AZ (09402500)	-999.0	12.8	-999.0	-999.00000	0.00502	-999.00000		-0.999E+03	-999	0.196E+02	-0.999E+03	2		-999.0000	-999
2002-08-26T03:45:00	3956343	Colorado River near Grand Canyon AZ (09402500)	-999.0	12.8	-999.0	-999.00000	-0.05325	-999.00000		-0.999E+03	-999	0.149E+02	-0.999E+03	2		-999.0000	-999
2002-08-26T04:00:00	3956345	Colorado River near Grand Canyon AZ (09402500)	-999.0	12.8	-999.0	-999.00000	-0.05325	-999.00000		-0.999E+03	-999	0.134E+02	-0.999E+03	2		-999.0000	-999
2002-08-26T04:15:00	3956348	Colorado River near Grand Canyon AZ (09402500)	-999.0	12.8	-999.0	-999.00000	-0.03379	-999.00000		-0.999E+03	-999	0.167E+02	-0.999E+03	2		-999.0000	-999
2002-08-26T04:30:00	3956352	Colorado River near Grand Canyon AZ (09402500)	-999.0	12.8	-999.0	-999.00000	-0.01428	-999.00000		-0.999E+03	-999	0.184E+02	-0.999E+03	2		-999.0000	-999
2002-08-26T04:45:00	3956354	Colorado River near Grand Canyon AZ (09402500)	-999.0	12.8	-999.0	-999.00000	-0.03376	-999.00000		-0.999E+03	-999	0.181E+02	-0.999E+03	2		-999.0000	-999
2002-08-26T05:00:00	3956357	Colorado River near Grand Canyon AZ (09402500)	-999.0	12.8	-999.0	-999.00000	-0.03382	-999.00000		-0.999E+03	-999	0.190E+02	-0.999E+03	2		-999.0000	-999
2002-08-26T05:15:00	3956360	Colorado River near Grand Canyon AZ (09402500)	-999.0	12.9	-999.0	-999.00000	-0.05215	-999.00000		-0.999E+03	-999	0.164E+02	-0.999E+03	2		-999.0000	-999
2002-08-26T05:30:00	3956364	Colorado River near Grand Canyon AZ (09402500)	-999.0	12.9	-999.0	-999.00000	-0.07148	-999.00000		-0.999E+03	-999	0.157E+02	-0.999E+03	2		-999.0000	-999
2002-08-26T05:45:00	3956368	Colorado River near Grand Canyon AZ (09402500)	-999.0	12.9	-999.0	-999.00000	-0.01318	-999.00000		-0.999E+03	-999	0.230E+02	-0.999E+03	2		-999.0000	-999
2002-08-26T06:00:00	3956371	Colorado River near Grand Canyon AZ (09402500)	-999.0	12.9	-999.0	-999.00000	-0.03257	-999.00000		-0.999E+03	-999	0.195E+02	-0.999E+03	2		-999.0000	-999
2002-08-26T06:15:00	3956374	Colorado River near Grand Canyon AZ (09402500)	-999.0	12.9	-999.0	-999.00000	-0.03257	-999.00000		-0.999E+03	-999	0.200E+02	-0.999E+03	2		-999.0000	-999
2002-08-26T06:30:00	3956375	Colorado River near Grand Canyon AZ (09402500)	-999.0	12.9	-999.0	-999.00000	-0.03226	-999.00000		-0.999E+03	-999	0.216E+02	-0.999E+03	2		-999.0000	-999
2002-08-26T06:45:00	3956379	Colorado River near Grand Canyon AZ (09402500)	-999.0	13.0	-999.0	-999.00000	0.06557	-999.00000	0.523E+02	-0.999E+03	2	0.400E+02	-0.999E+03	2		-999.0000	-999
2002-08-26T07:00:00	3956382	Colorado River near Grand Canyon AZ (09402500)	-999.0	13.0	-999.0	-999.00000	0.02719	-999.00000		-0.999E+03	-999	0.325E+02	-0.999E+03	2		-999.0000	-999
2002-08-26T07:15:00	3956384	Colorado River near Grand Canyon AZ (09402500)	-999.0	13.0	-999.0	-999.00000	-0.03130	-999.00000		-0.999E+03	-999	0.232E+02	-0.999E+03	2		-999.0000	-999
2002-08-26T07:30:00	3956387	Colorado River near Grand Canyon AZ (09402500)	-999.0	13.0	-999.0	-999.00000	-0.03139	-999.00000		-0.999E+03	-999	0.245E+02	-0.999E+03	2		-999.0000	-999
2002-08-26T07:45:00	3956391	Colorado River near Grand Canyon AZ (09402500)	-999.0	13.0	-999.0	-999.00000	-0.03139	-999.00000		-0.999E+03	-999	0.238E+02	-0.999E+03	2		-999.0000	-999
2002-08-26T08:00:00	3956393	Colorado River near Grand Canyon AZ (09402500)	-999.0	13.0	-999.0	-999.00000	-0.03133	-999.00000		-0.999E+03	-999	0.245E+02	-0.999E+03	2		-999.0000	-999
2002-08-26T08:15:00	3956396	Colorado River near Grand Canyon AZ (09402500)	-999.0	13.0	-999.0	-999.00000	-0.01200	-999.00000		-0.999E+03	-999	0.282E+02	-0.999E+03	2		-999.0000	-999
2002-08-26T08:30:00	3956401	Colorado River near Grand Canyon AZ (09402500)	-999.0	13.0	-999.0	-999.00000	-0.03133	-999.00000		-0.999E+03	-999	0.245E+02	-0.999E+03	2		-999.0000	-999
2002-08-26T08:45:00	3956403	Colorado River near Grand Canyon AZ (09402500)	-999.0	13.0	-999.0	-999.00000	0.00752	-999.00000		-0.999E+03	-999	0.318E+02	-0.999E+03	2		-999.0000	-999
2002-08-26T09:00:00	3956406	Colorado River near Grand Canyon AZ (09402500)	-999.0	13.0	-999.0	-999.00000	-0.01191	-999.00000		-0.999E+03	-999	0.282E+02	-0.999E+03	2		-999.0000	-999
2002-08-26T09:15:00	3956408	Colorado River near Grand Canyon AZ (09402500)	-999.0	13.0	-999.0	-999.00000	-0.01184	-999.00000		-0.999E+03	-999	0.304E+02	-0.999E+03	2		-999.0000	-999
2002-08-26T09:30:00	3956411	Colorado River near Grand Canyon AZ (09402500)	-999.0	13.0	-999.0	-999.00000	0.02700	-999.00000		-0.999E+03	-999	0.358E+02	-0.999E+03	2		-999.0000	-999
2002-08-26T09:45:00	3956416	Colorado River near Grand Canyon AZ (09402500)	-999.0	13.0	-999.0	-999.00000	0.00767	-999.00000		-0.999E+03	-999	0.318E+02	-0.999E+03	2		-999.0000	-999
2002-08-26T10:00:00	3956418	Colorado River near Grand Canyon AZ (09402500)	-999.0	13.0	-999.0	-999.00000	-0.01185	-999.00000		-0.999E+03	-999	0.304E+02	-0.999E+03	2		-999.0000	-999
2002-08-26T10:15:00	3956421	Colorado River near Grand Canyon AZ (09402500)	-999.0	12.9	-999.0	-999.00000	0.00637	-999.00000		-0.999E+03	-999	0.343E+02	-0.999E+03	2		-999.0000	-999
2002-08-26T10:30:00	3956423	Colorado River near Grand Canyon AZ (09402500)	-999.0	12.9	-999.0	-999.00000	0.02588	-999.00000		-0.999E+03	-999	0.358E+02	-0.999E+03	2		-999.0000	-999
2002-08-26T10:45:00	3956426	Colorado River near Grand Canyon AZ (09402500)	-999.0	12.9	-999.0	-999.00000	0.04537	-999.00000	0.169E+02	-0.999E+03	2	0.413E+02	-0.999E+03	2		-999.0000	-999
2002-08-26T11:00:00	3956429	Colorado River near Grand Canyon AZ (09402500)	-999.0	12.9	-999.0	-999.00000	0.04524	-999.00000	0.166E+02	-0.999E+03	2	0.404E+02	-0.999E+03	2		-999.0000	-999
2002-08-26T11:15:00	3956434	Colorado River near Grand Canyon AZ (09402500)	-999.0	12.9	-999.0	-999.00000	0.00640	-999.00000		-0.999E+03	-999	0.318E+02	-0.999E+03	2		-999.0000	-999
2002-08-26T11:30:00	3956437	Colorado River near Grand Canyon AZ (09402500)	-999.0	13.0	-999.0	-999.00000	0.00757	-999.00000		-0.999E+03	-999	0.318E+02	-0.999E+03	2		-999.0000	-999
2002-08-26T11:45:00	3956439	Colorado River near Grand Canyon AZ (09402500)	-999.0	13.0	-999.0	-999.00000	0.02703	-999.00000		-0.999E+03	-999	0.358E+02	-0.999E+03	2		-999.0000	-999
2002-08-26T12:00:00	3956442	Colorado River near Grand Canyon AZ (09402500)	-999.0	13.0	-999.0	-999.00000	0.02706	-999.00000		-0.999E+03	-999	0.358E+02	-0.999E+03	2		-999.0000	-999
2002-08-26T12:15:00	3956446	Colorado River near Grand Canyon AZ (09402500)	-999.0	13.0	-999.0	-999.00000	0.00758	-999.00000		-0.999E+03	-999	0.318E+02	-0.999E+03	2		-999.0000	-999
2002-08-26T12:30:00	3956449	Colorado River near Grand Canyon AZ (09402500)	-999.0	13.0	-999.0	-999.00000	0.00764	-999.00000		-0.999E+03	-999	0.318E+02	-0.999E+03	2		-999.0000	-999
2002-08-26T12:45:00	3956452	Colorado River near Grand Canyon AZ (09402500)	-999.0	13.1	-999.0	-999.00000	0.02814	-999.00000		-0.999E+03	-999	0.367E+02	-0.999E+03	2		-999.0000	-999
2002-08-26T13:00:00	3956454	Colorado River near Grand Canyon AZ (09402500)	-999.0	13.1	-999.0	-999.00000	0.02824	-999.00000		-0.999E+03	-999	0.358E+02	-0.999E+03	2		-999.0000	-999
2002-08-26T13:15:00	3956456	Colorado River near Grand Canyon AZ (09402500)	-999.0	13.1	-999.0	-999.00000	0.02824	-999.00000		-0.999E+03	-999	0.358E+02	-0.999E+03	2		-999.0000	-999
2002-08-26T13:30:00	3956459	Colorado River near Grand Canyon AZ (09402500)	-999.0	13.1	-999.0	-999.00000	0.00875	-999.00000		-0.999E+03	-999	0.318E+02	-0.999E+03	2		-999.0000	-999
2002-08-26T13:45:00	3956464	Colorado River near Grand Canyon AZ (09402500)	-999.0	13.2	-999.0	-999.00000	0.02938	-999.00000		-0.999E+03	-999	0.358E+02	-0.999E+03	2		-999.0000	-999
2002-08-26T14:00:00	3956467	Colorado River near Grand Canyon AZ (09402500)	-999.0	13.2	-999.0	-999.00000	0.00992	-999.00000		-0.999E+03	-999	0.318E+02	-0.999E+03	2		-999.0000	-999
2002-08-26T14:15:00	3956469	Colorado River near Grand Canyon AZ (09402500)	-999.0	13.2	-999.0	-999.00000	0.01002	-999.00000		-0.999E+03	-999	0.326E+02	-0.999E+03	2		-999.0000	-999
2002-08-26T14:30:00	3956473	Colorado River near Grand Canyon AZ (09402500)	-999.0	13.2	-999.0	-999.00000	0.02935	-999.00000		-0.999E+03	-999	0.358E+02	-0.999E+03	2		-999.0000	-999
2002-08-26T14:45:00	3956475	Colorado River near Grand Canyon AZ (09402500)	-999.0	13.3	-999.0	-999.00000	0.05002	-999.00000	0.251E+02	-0.999E+03	2	0.383E+02	-0.999E+03	2		-999.0000	-999
2002-08-26T15:00:00	3956478	Colorado River near Grand Canyon AZ (09402500)	-999.0	13.3	-999.0	-999.00000	0.03057	-999.00000		-0.999E+03	-999	0.340E+02	-0.999E+03	2		-999.0000	-999
2002-08-26T15:15:00	3956481	Colorado River near Grand Canyon AZ (09402500)	-999.0	13.3	-999.0	-999.00000	0.01112	-999.00000		-0.999E+03	-999	0.295E+02	-0.999E+03	2		-999.0000	-999
2002-08-26T15:30:00	3956484	Colorado River near Grand Canyon AZ (09402500)	-999.0	13.3	-999.0	-999.00000	0.03057	-999.00000		-0.999E+03	-999	0.332E+02	-0.999E+03	2		-999.0000	-999
2002-08-26T15:45:00	3956486	Colorado River near Grand Canyon AZ (09402500)	-999.0	13.4	-999.0	-999.00000	0.03172	-999.00000		-0.999E+03	-999	0.292E+02	-0.999E+03	2		-999.0000	-999
2002-08-26T16:00:00	3956489	Colorado River near Grand Canyon AZ (09402500)	-999.0	13.4	-999.0	-999.00000	0.03173	-999.00000		-0.999E+03	-999	0.271E+02	-0.999E+03	2		-999.0000	-999
2002-08-26T16:15:00	3956492	Colorado River near Grand Canyon AZ (09402500)	-999.0	13.4	-999.0	-999.00000	0.07064	-999.00000	0.612E+02	-0.999E+03	2	0.319E+02	-0.999E+03	2		-999.0000	-999
2002-08-26T16:30:00	3956497	Colorado River near Grand Canyon AZ (09402500)	-999.0	13.4	-999.0	-999.00000	0.09018	-999.00000	0.953E+02	-0.999E+03	2	0.341E+02	-0.999E+03	2		-999.0000	-999
2002-08-26T16:45:00	3956500	Colorado River near Grand Canyon AZ (09402500)	-999.0	13.4	-999.0	-999.00000	0.07070	-999.00000	0.613E+02	-0.999E+03	2	0.281E+02	-0.999E+03	2		-999.0000	-999
2002-08-26T17:00:00	3956503	Colorado River near Grand Canyon AZ (09402500)	-999.0	13.4	-999.0	-999.00000	0.07083	-999.00000	0.616E+02	-0.999E+03	2	0.241E+02	-0.999E+03	2		-999.0000	-999
2002-08-26T17:15:00	3956506	Colorado River near Grand Canyon AZ (09402500)	-999.0	13.4	-999.0	-999.00000	0.10967	-999.00000	0.129E+03	-0.999E+03	2	0.284E+02	-0.999E+03	2		-999.0000	-999
2002-08-26T17:30:00	3956508	Colorado River near Grand Canyon AZ (09402500)	-999.0	13.4	-999.0	-999.00000	0.10967	-999.00000	0.129E+03	-0.999E+03	2	0.263E+02	-0.999E+03	2		-999.0000	-999
2002-08-26T17:45:00	3956512	Colorado River near Grand Canyon AZ (09402500)	-999.0	13.4	-999.0	-999.00000	0.14858	-999.00000	0.196E+03	-0.999E+03	2	0.294E+02	-0.999E+03	2		-999.0000	-999
2002-08-26T18:00:00	3956514	Colorado River near Grand Canyon AZ (09402500)	-999.0	13.4	-999.0	-999.00000	0.12916	-999.00000	0.163E+03	-0.999E+03	2	0.242E+02	-0.999E+03	2		-999.0000	-999
2002-08-26T18:15:00	3956518	Colorado River near Grand Canyon AZ (09402500)	-999.0	13.4	-999.0	-999.00000	0.16806	-999.00000	0.229E+03	-0.999E+03	2	0.292E+02	-0.999E+03	2		-999.0000	-999
2002-08-26T18:30:00	3956519	Colorado River near Grand Canyon AZ (09402500)	-999.0	13.4	-999.0	-999.00000	0.12909	-999.00000	0.163E+03	-0.999E+03	2	0.213E+02	-0.999E+03	2		-999.0000	-999
2002-08-26T18:45:00	3956524	Colorado River near Grand Canyon AZ (09402500)	-999.0	13.4	-999.0	-999.00000	0.10976	-999.00000	0.129E+03	-0.999E+03	2	0.185E+02	-0.999E+03	2		-999.0000	-999
2002-08-26T19:00:00	3956527	Colorado River near Grand Canyon AZ (09402500)	-999.0	13.4	-999.0	-999.00000	0.14852	-999.00000	0.196E+03	-0.999E+03	2	0.222E+02	-0.999E+03	2		-999.0000	-999
2002-08-26T19:15:00	3956530	Colorado River near Grand Canyon AZ (09402500)	-999.0	13.4	-999.0	-999.00000	0.12919	-999.00000	0.163E+03	-0.999E+03	2	0.198E+02	-0.999E+03	2		-999.0000	-999
2002-08-26T19:30:00	3956532	Colorado River near Grand Canyon AZ (09402500)	-999.0	13.4	-999.0	-999.00000	0.14864	-999.00000	0.196E+03	-0.999E+03	2	0.206E+02	-0.999E+03	2		-999.0000	-999
2002-08-26T19:45:00	3956535	Colorado River near Grand Canyon AZ (09402500)	-999.0	13.4	-999.0	-999.00000	0.12919	-999.00000	0.163E+03	-0.999E+03	2	0.183E+02	-0.999E+03	2		-999.0000	-999
2002-08-26T20:00:00	3956537	Colorado River near Grand Canyon AZ (09402500)	-999.0	13.4	-999.0	-999.00000	0.14852	-999.00000	0.196E+03	-0.999E+03	2	0.206E+02	-0.999E+03	2		-999.0000	-999
2002-08-26T20:15:00	3956541	Colorado River near Grand Canyon AZ (09402500)	-999.0	13.4	-999.0	-999.00000	0.10976	-999.00000	0.129E+03	-0.999E+03	2	0.175E+02	-0.999E+03	2		-999.0000	-999
2002-08-26T20:30:00	3956543	Colorado River near Grand Canyon AZ (09402500)	-999.0	13.4	-999.0	-999.00000	0.12909	-999.00000	0.163E+03	-0.999E+03	2	0.179E+02	-0.999E+03	2		-999.0000	-999
2002-08-26T20:45:00	3956546	Colorado River near Grand Canyon AZ (09402500)	-999.0	13.4	-999.0	-999.00000	0.12916	-999.00000	0.163E+03	-0.999E+03	2	0.188E+02	-0.999E+03	2		-999.0000	-999
2002-08-26T21:00:00	3956549	Colorado River near Grand Canyon AZ (09402500)	-999.0	13.4	-999.0	-999.00000	0.10967	-999.00000	0.129E+03	-0.999E+03	2	0.167E+02	-0.999E+03	2		-999.0000	-999
2002-08-26T21:15:00	3956553	Colorado River near Grand Canyon AZ (09402500)	-999.0	13.4	-999.0	-999.00000	0.12909	-999.00000	0.163E+03	-0.999E+03	2	0.188E+02	-0.999E+03	2		-999.0000	-999
2002-08-26T21:30:00	3956556	Colorado River near Grand Canyon AZ (09402500)	-999.0	13.4	-999.0	-999.00000	0.09031	-999.00000	0.955E+02	-0.999E+03	2	0.148E+02	-0.999E+03	2		-999.0000	-999
2002-08-26T21:45:00	3956559	Colorado River near Grand Canyon AZ (09402500)	-999.0	13.4	-999.0	-999.00000	0.12897	-999.00000	0.162E+03	-0.999E+03	2	0.188E+02	-0.999E+03	2		-999.0000	-999
2002-08-26T22:00:00	3956561	Colorado River near Grand Canyon AZ (09402500)	-999.0	13.3	-999.0	-999.00000	0.08915	-999.00000	0.935E+02	-0.999E+03	2	0.148E+02	-0.999E+03	2		-999.0000	-999
2002-08-26T22:15:00	3956564	Colorado River near Grand Canyon AZ (09402500)	-999.0	13.3	-999.0	-999.00000	0.08903	-999.00000	0.933E+02	-0.999E+03	2	0.160E+02	-0.999E+03	2		-999.0000	-999
2002-08-26T22:30:00	3956567	Colorado River near Grand Canyon AZ (09402500)	-999.0	13.3	-999.0	-999.00000	0.10851	-999.00000	0.127E+03	-0.999E+03	2	0.167E+02	-0.999E+03	2		-999.0000	-999
2002-08-26T22:45:00	3956571	Colorado River near Grand Canyon AZ (09402500)	-999.0	13.3	-999.0	-999.00000	0.08903	-999.00000	0.933E+02	-0.999E+03	2	0.148E+02	-0.999E+03	2		-999.0000	-999
2002-08-26T23:00:00	3956575	Colorado River near Grand Canyon AZ (09402500)	-999.0	13.3	-999.0	-999.00000	0.08903	-999.00000	0.933E+02	-0.999E+03	2	0.148E+02	-0.999E+03	2		-999.0000	-999
2002-08-26T23:15:00	3956576	Colorado River near Grand Canyon AZ (09402500)	-999.0	13.3	-999.0	-999.00000	0.08911	-999.00000	0.935E+02	-0.999E+03	2	0.148E+02	-0.999E+03	2		-999.0000	-999
2002-08-26T23:30:00	3956581	Colorado River near Grand Canyon AZ (09402500)	-999.0	13.2	-999.0	-999.00000	0.10729	-999.00000	0.125E+03	-0.999E+03	2	0.167E+02	-0.999E+03	2		-999.0000	-999
2002-08-26T23:45:00	3956582	Colorado River near Grand Canyon AZ (09402500)	-999.0	13.2	-999.0	-999.00000	0.06844	-999.00000	0.574E+02	-0.999E+03	2	0.132E+02	-0.999E+03	2		-999.0000	-999
2002-08-27T00:00:00	3956585	Colorado River near Grand Canyon AZ (09402500)	-999.0	13.2	-999.0	-999.00000	0.10735	-999.00000	0.125E+03	-0.999E+03	2	0.159E+02	-0.999E+03	2		-999.0000	-999